url,is_private,has_homepage,size,stars,watchers,has_projects,has_pages,has_wiki,has_discussions,forks,is_archived,is_disabled,open_issues,subscribers_count,created_at,updated_at,is_private_b,has_homepage_b,size_b,stars_b,watchers_b,has_projects_b,has_pages_b,has_wiki_b,has_discussions_b,forks_b,is_archived_b,is_disabled_b,open_issues_b,subscribers_count_b,stars_ratio,watchers_ratio,forks_ratio,size_ratio,commit_count,commit_count_b,commit_count_ratio,commit_decay,commit_decay_b,age_days,days_since_update,age_days_b,days_since_update_b,log_stars,log_watchers,log_forks,log_commit_count,open_issues_count,closed_issues_count,open_prs_count,closed_prs_count,used_by,summary
https://github.com/zloirock/core-js,False,False,62787,24762,24762,False,True,False,True,1660,False,False,40,254,2013-07-17T16:32:27Z,2025-01-25T17:56:45Z,0,0,1,1,1,0,1,0,1,1,0,0,1,1,0.2172657956848672,0.2172657956848672,0.0145651086679944,0.550903299962271,510,1,0.0044548877106244,0.1211113749703158,1,4210,0,1,0,10.117065498980637,10.117065498980637,7.414572881350589,6.234410725718371,33,923,7,365,20022808,"Modular standard library for JavaScript. Includes polyfills for [ECMAScript up to 2024](#ecmascript-promise), [symbols), iterators, [typed arrays), many other features."
https://github.com/sindresorhus/p-cancelable,False,False,59,441,441,False,False,False,False,22,False,False,3,8,2016-11-28T10:27:44Z,2024-10-13T14:59:20Z,0,0,1,1,1,0,0,0,0,1,0,0,1,1,0.4579439252336448,0.4579439252336448,0.0228452751817237,0.0612668743509865,690,1,0.4174228675136116,0.2314659510231466,1,2980,104,1,1,6.089044875446846,6.089044875446846,3.091042453358316,6.536691597591305,3,16,0,20,0,"P-cancelable is a JavaScript function that cancels a promise. It can be used for loading resources, long-running async computations, etc. You can call this function multiple times to add multiple cancel handlers."
https://github.com/fb55/entities,False,False,4549,331,331,False,False,False,False,64,False,False,4,5,2012-01-13T17:02:59Z,2025-01-24T20:41:59Z,0,0,1,1,1,0,0,0,0,1,0,0,1,1,0.0627488151658767,0.0627488151658767,0.0121327014218009,0.8623696682464455,900,1,0.145748987854251,0.1889962200755985,1,4761,1,1,1,5.802118375377063,5.802118375377063,4.158883083359672,6.802394763324311,1,40,3,1668,20928144,Encode & decode HTML & XML entities with ease & speed. Many popular libraries use it to process HTML entities. Get an output tailored to your needs.
https://github.com/paradigmxyz/reth,False,True,88008,4276,4276,True,True,False,True,1355,False,False,307,60,2022-09-15T23:05:57Z,2025-01-25T16:27:57Z,0,1,1,1,1,1,1,0,1,1,0,0,1,1,0.0436705305622223,0.0436705305622223,0.0138385334218454,0.8988204054537099,30,1,0.0003062943488692,0.0347624565469293,1,862,0,1,0,8.360773272144936,8.360773272144936,7.2115567333138015,3.4011973816621555,233,3487,74,10070,0,"Reth is a new full node implementation of the Ethereum protocol. It is designed to be user-friendly, highly modular, and fast. Reth is licensed under the Apache/MIT permissive license."
https://github.com/yarnpkg/yarn,False,True,119826,41478,41478,True,False,False,False,2733,False,False,2068,555,2016-01-19T17:39:16Z,2025-01-25T06:03:31Z,0,1,1,1,1,1,0,0,0,1,0,0,1,1,0.2018246843296109,0.2018246843296109,0.0132982993942048,0.5830523319465732,510,1,0.002475427739352,0.1547799696509863,1,3294,0,1,0,10.63291844517332,10.63291844517332,7.913155185928068,6.234410725718371,1864,4730,204,2142,226487,"This repository holds the sources for Yarn 1.x (latest version at the time of this writing being 1.22). New releases (at this time the 3.2.3, although we're currently working on our next major"
https://github.com/tokio-rs/tokio,False,True,14201,27747,27747,False,False,False,True,2543,False,False,326,314,2016-09-09T22:31:36Z,2025-01-25T20:09:06Z,0,1,1,1,1,0,0,0,1,1,0,0,1,1,0.3841053185304133,0.3841053185304133,0.0352030787120352,0.196586284227138,480,1,0.0066008416073049,0.1568627450980392,1,3059,0,1,0,10.23088300522237,10.23088300522237,7.841099765422119,6.173786103901937,287,2087,39,3965,476562,"Tokio is an event-driven, non-blocking I/O platform for writing asynchronous applications with the Rust programming language. It provides a few major components: A multithreaded, work-stealing based task [sched"
https://github.com/python/typeshed,False,False,25399,4468,4468,True,False,False,False,1788,False,False,263,76,2015-03-05T04:51:28Z,2025-01-25T18:35:30Z,0,0,1,1,1,1,0,0,0,1,0,0,1,1,0.1236885087063643,0.1236885087063643,0.0494975500373723,0.703125432549899,540,1,0.0147287456018329,0.1493775933609958,1,3614,0,1,0,8.404696160189092,8.404696160189092,7.488852955733459,6.29156913955832,190,2520,73,10625,0,"Typeshed contains external type annotations for the Python standard library and Python builtins. This data can e.g. be used for static analysis, type checking, type inference, and autocompletion."
https://github.com/ethereum/remix-project,False,True,251427,2561,2561,True,False,True,False,1066,False,False,796,68,2020-03-20T07:49:48Z,2025-01-25T16:18:07Z,0,1,1,1,1,1,0,1,0,1,0,0,1,1,0.0099411913126176,0.0099411913126176,0.004137957805252,0.9759796595695126,90,1,0.000349236530141,0.0507614213197969,1,1772,0,1,0,7.848153086199526,7.848153086199526,6.97166860472579,4.499809670330265,755,1485,41,3293,0,"Remix Project is a rich toolset including Remix IDE, a smart contract development tool. The Remix Project also includes Remix Plugin Engine and Remix Libraries which are low-level tools for wider use. Supported browsers: Firefox v100.0"
https://github.com/streetsidesoftware/cspell-dicts,False,False,431354,230,230,True,False,True,True,213,False,False,35,6,2017-03-24T14:25:08Z,2025-01-24T18:58:43Z,0,0,1,1,1,1,0,1,1,1,0,0,1,1,0.000532374134024,0.000532374134024,0.0004930247415092,0.9984422269904428,180,1,0.00041646710951,0.06282722513089,1,2864,1,1,1,5.438079308923196,5.438079308923196,5.3612921657094255,5.19295685089021,34,182,1,3776,0,Various dictionaries. Each dictionary is its own package. See `README.md` in each directory. Use `pnpm build:readme` to generate this table.
https://github.com/heim-rs/darwin-libproc,False,True,54,8,8,False,False,False,False,23,False,False,6,2,2019-08-13T12:48:25Z,2025-01-08T20:44:12Z,0,1,1,1,1,0,0,0,0,1,0,0,1,1,0.086021505376344,0.086021505376344,0.2473118279569892,0.5806451612903226,14,1,0.1308411214953271,0.0070245860511791,1,1992,17,1,1,2.079441541679836,2.079441541679836,3.1354942159291497,2.6390573296152584,2,1,4,3,0,Rust bindings for `libproc` of macOS. Apache License 2.0 or MIT license at your option. Minimum rustc version of 1.36+.
https://github.com/browserslist/browserslist,False,True,4360,13122,13122,False,True,False,True,720,False,False,42,140,2014-12-13T19:35:45Z,2025-01-25T13:50:10Z,0,1,1,1,1,0,1,0,1,1,0,0,1,1,0.4189120163452943,0.4189120163452943,0.0229855701698378,0.1391903971395734,390,1,0.0122974080847575,0.1054909385988639,1,3696,0,1,0,9.482045489904824,9.482045489904824,6.579251212010101,5.966146739123692,37,486,5,291,29442505,"The config to share target browsers and Node.js versions between different front-end tools. It is used in:Autoprefixer,abel, postcss-preset-env, eslint-plugin-compat"
https://github.com/clap-rs/clap,False,True,20067,14647,14647,False,True,False,True,1072,False,False,348,68,2015-02-25T13:36:33Z,2025-01-25T14:41:50Z,0,1,1,1,1,0,1,0,1,1,0,0,1,1,0.2904249201911447,0.2904249201911447,0.0212559237007514,0.3978942359169591,120,1,0.0023737463652008,0.0331217223295611,1,3622,0,1,0,9.591990815318308,9.591990815318308,6.977281341630747,4.787491742782046,318,1751,30,2682,0,Command Line Argument Parser for Rust. Dual-licensed under [Apache 2.0](LICENSE-APACHE) or [MIT)
https://github.com/node-fetch/node-fetch,False,False,1268,8822,8822,False,False,False,True,1036,False,False,210,89,2015-01-26T07:29:26Z,2025-01-21T20:50:40Z,0,0,1,1,1,0,0,0,1,1,0,0,1,1,0.4422498496089833,0.4422498496089833,0.0519350310808101,0.0635652697012231,300,1,0.0148162781509284,0.0821242814125376,1,3652,4,1,1,9.085003880664884,9.085003880664884,6.943122422819428,5.703782474656201,174,736,36,682,11603422,A light-weight module that brings the Fetch API to Node.js. Consider supporting us on our Open Collective:https://opencollective.com/node-fetch.
https://github.com/epoberezkin/fast-json-stable-stringify,False,False,93,295,295,True,False,True,False,34,False,False,21,4,2017-10-24T09:07:57Z,2025-01-24T05:22:30Z,0,0,1,1,1,1,0,1,0,1,0,0,1,1,0.4114365411436541,0.4114365411436541,0.0474198047419804,0.1297071129707113,270,1,0.2735562310030395,0.1018483591097699,1,2650,1,1,1,5.68697535633982,5.68697535633982,3.5263605246161616,5.598421958998375,7,2,14,55,31206656,"Deterministic `JSON.stringify()` is a faster version of [@substack)'s json-stable-strigify. You can also pass in a custom comparison function. For example, to sort on the object"
https://github.com/import-js/eslint-plugin-import,False,False,4183,5619,5619,False,False,True,False,1576,False,False,600,37,2015-03-15T00:21:57Z,2025-01-25T07:55:53Z,0,0,1,1,1,0,0,1,0,1,0,0,1,1,0.3305877507795493,0.3305877507795493,0.0927222451020768,0.2461022533388245,780,1,0.0438769196152331,0.2163661581137309,1,3604,0,1,0,8.633908991112198,8.633908991112198,7.362645270417825,6.659293919683638,506,1509,94,1000,0,This plugin intends to support linting of ES2015+ (ES6+) import/export syntax. It will prevent issues with misspelling of file paths and import names. All the goodness that the ES2015+. static module syntax intends
https://github.com/axios/axios,False,True,17673,106210,106210,True,False,False,True,10998,False,False,696,1186,2014-08-18T22:30:27Z,2025-01-25T20:59:55Z,0,1,1,1,1,1,0,0,1,1,0,0,1,1,0.4405390495704941,0.4405390495704941,0.0456176298576056,0.0733042710014061,810,1,0.0033484772696268,0.2124311565696302,1,3812,0,1,0,11.573173545315584,11.573173545315584,9.30546871706776,6.697034247666484,561,4189,135,1610,0,Summarize:    Gold sponsors. Gold sponsors include Principal Financial Group and Stytch.com. Gold sponsor is the company that provides the API.
https://github.com/tklauser/numcpus,False,True,1079,26,26,False,False,True,False,10,False,False,0,3,2018-12-13T16:31:43Z,2025-01-21T10:08:16Z,0,1,1,1,1,0,0,1,0,1,0,0,0,1,0.0227870289219982,0.0227870289219982,0.0087642418930762,0.9456617002629272,540,1,0.3212373587150505,0.2415026833631484,1,2235,4,1,1,3.258096538021482,3.258096538021482,2.302585092994046,6.29156913955832,0,1,0,112,0,"Package numcpus provides information about the number of CPUs in the system. It gets the number. of CPUs (online, offline, present, possible, configured or. kernel maximum) on Linux, Darwin, FreeBSD, NetBSD,"
https://github.com/debug-js/debug,False,False,417,11204,11204,False,False,False,False,944,False,False,80,139,2011-11-29T02:23:54Z,2025-01-25T10:27:16Z,0,0,1,1,1,0,0,0,0,1,0,0,1,1,0.47137027220329,0.47137027220329,0.0397155959442971,0.0175438596491228,180,1,0.0075159714393085,0.0374453921364676,1,4806,0,1,0,9.32402613638,9.32402613638,6.8501261661455,5.19295685089021,59,587,21,299,41109824,A tiny JavaScript debugging utility modelled after Node.js core's debuggingtechnique. Works in node.js and web browsers. Exposes a function; simply pass this function the name of your module.
https://github.com/mattn/go-runewidth,False,False,153,619,619,True,False,True,False,95,False,False,16,13,2013-06-21T04:56:50Z,2025-01-13T07:44:22Z,0,0,1,1,1,1,0,1,0,1,0,0,1,1,0.4165545087483176,0.4165545087483176,0.0639300134589502,0.1029609690444145,600,1,0.2876318312559923,0.1416096294548029,1,4236,12,1,1,6.428105272684596,6.428105272684596,4.553876891600541,6.396929655216146,10,23,6,41,131040,Provides functions to get fixed width of the character or string. Under the MIT License: http://mattn.mit-license.org/2013.
https://github.com/walletconnect/walletconnect-monorepo,False,False,94214,1490,1490,True,False,True,True,729,False,False,70,73,2018-08-26T14:02:36Z,2025-01-25T03:12:42Z,0,0,1,1,1,1,0,1,1,1,0,0,1,1,0.0152160370903669,0.0152160370903669,0.007444624858307,0.9621233009609592,510,1,0.0051811892353174,0.2174840085287846,1,2344,0,1,0,7.306531398939505,7.306531398939505,6.591673732008658,6.234410725718371,46,1300,24,1211,0,Summarize: # WalletConnect v2.x.xOpen protocol for connecting Wallets to Dapps - https://walletconnect.com.
https://github.com/eslint/eslint,False,True,45186,25473,25473,True,False,False,True,4628,False,False,97,316,2013-06-29T23:59:48Z,2025-01-25T15:54:56Z,0,1,1,1,1,1,0,0,1,1,0,0,1,1,0.2528086542278682,0.2528086542278682,0.0459309249702262,0.4484517665740373,690,1,0.0068013799901429,0.1631977294228949,1,4227,0,1,0,10.145374346667474,10.145374346667474,8.439880088313567,6.536691597591305,87,10366,10,7698,24222636,"ESLint is a tool for identifying and reporting on patterns found in ECMAScript/JavaScript code. In many ways, it is similar to JSLint and JSHint with a few exceptions."
https://github.com/consensys/teku,False,True,540810,692,692,False,True,True,True,305,False,False,153,34,2018-09-07T09:30:05Z,2025-01-24T21:52:06Z,0,1,1,1,1,0,1,1,1,1,0,0,1,1,0.0012755783881629,0.0012755783881629,0.0005622130179041,0.99688663020577,180,1,0.0003316877933363,0.0771538791255893,1,2332,0,1,0,6.539585955617669,6.539585955617669,5.720311776607412,5.19295685089021,140,2564,13,6293,0,Teku is an open-source. consensus client written in Java and containing a full. beacon node and validator client implementation. See the [Changelog] for details of the latest releases.
https://github.com/rich-harris/magic-string,False,False,1260,2444,2444,True,False,True,False,116,False,False,30,15,2014-11-03T23:10:14Z,2025-01-22T14:11:23Z,0,0,1,1,1,1,0,1,0,1,0,0,1,1,0.3901660280970626,0.3901660280970626,0.0185185185185185,0.2011494252873563,30,1,0.0047664442326024,0.0080299785867237,1,3735,3,1,1,7.801391320291485,7.801391320291485,4.7535901911063645,3.4011973816621555,21,58,9,210,14944689,magic-string is a small utility for manipulating strings and generating sourcemaps. It works in both node.js and browser environments.
https://github.com/redux-saga/redux-saga,False,True,9473,22533,22533,True,True,True,True,1968,False,False,39,249,2015-11-29T16:58:12Z,2025-01-24T07:40:09Z,0,1,1,1,1,1,1,1,1,1,0,0,1,1,0.3987647548091387,0.3987647548091387,0.034827543490187,0.1676429468915355,720,1,0.0125814737798591,0.2151823072325164,1,3345,1,1,1,10.02273618035412,10.02273618035412,7.584773077612199,6.579251212010101,30,1461,9,880,0,"redux-saga is a library that aims to make application side effects easier to manage, more efficient to execute, easy to test, and better at handling failures. The mental model is that a saga is like a separate thread in"
https://github.com/immerjs/immer,False,True,5838,27987,27987,True,True,True,False,851,False,False,53,155,2017-12-29T12:25:47Z,2025-01-25T13:20:49Z,0,1,1,1,1,1,1,1,0,1,0,0,1,1,0.4466271962721223,0.4466271962721223,0.0135805818425546,0.0931650256132007,750,1,0.011827227855487,0.2901353965183752,1,2584,0,1,0,10.23949539562907,10.23949539562907,6.746412128573375,6.620073206530356,33,631,20,464,0,Immer is a free and open-source Node.js package. It lets you create immutable state trees by modifying the current tree. You can use Gitpod (a free online VS Code like IDE) for contributing online.
https://github.com/wevm/isows,False,False,240,49,49,False,False,False,False,5,False,False,3,4,2023-10-08T06:04:44Z,2025-01-05T22:48:22Z,0,0,1,1,1,0,0,0,0,1,0,0,1,1,0.1428571428571428,0.1428571428571428,0.0145772594752186,0.6997084548104956,270,1,0.4404567699836867,0.5672268907563025,1,475,19,1,1,3.8918202981106265,3.8918202981106265,1.6094379124341005,5.598421958998375,2,2,1,15,0,"Isomorphic WebSocket implementation for Node.js, Bun, Deno, and modern browsers. Isomorphic WebSockets for Node, Bun and Deno. Is available on GitHub and Twitter."
https://github.com/yahoo/serialize-javascript,False,False,309,2833,2833,True,False,False,False,182,False,False,39,36,2014-09-16T16:07:16Z,2025-01-22T20:35:22Z,0,0,1,1,1,1,0,0,0,1,0,0,1,1,0.4601266850738996,0.4601266850738996,0.0295598505765795,0.0501867792756212,240,1,0.0375175863686102,0.0634081902245706,1,3784,3,1,1,7.949091499830517,7.949091499830517,5.204006687076795,5.480638923341991,30,29,9,119,0,"Serialize JavaScript to a _superset_ of JSON that includes regular expressions, dates and functions. Serialization for ES6 Sets & Maps requires support for `Array.from` (not available in IE or Node < 0."
https://github.com/postcss/autoprefixer,False,True,8190,21779,21779,False,True,False,False,1257,False,False,40,377,2013-03-14T05:04:51Z,2025-01-25T02:55:45Z,0,1,1,1,1,0,1,0,0,1,0,0,1,1,0.4108857654938213,0.4108857654938213,0.0237147438920856,0.1545137251202716,120,1,0.0022588235294117,0.0276752767527675,1,4335,0,1,0,9.988701481750608,9.988701481750608,7.136483208590247,4.787491742782046,39,1118,1,339,22612081,Autoprefixer is a plugin that parses vendor prefixes and adds them to CSS rules using values. It is recommended by Google and used in Twitter and Alibaba. You can try the [interactive demo]
https://github.com/bradfitz/iter,False,True,3,298,298,True,False,True,False,12,False,False,0,5,2014-01-24T04:11:58Z,2024-11-29T08:23:44Z,0,1,1,1,1,1,0,1,0,1,0,0,0,1,0.4877250409165303,0.4877250409165303,0.0196399345335515,0.0049099836333878,4,1,0.0065040650406504,0.0009950248756218,1,4019,57,1,1,5.697093486505405,5.697093486505405,2.4849066497880004,1.3862943611198906,0,7,0,4,0,summarize: See http://godoc.org/github.com/bradfitz/iter for more information.
https://github.com/google/btree,False,False,64,4000,4000,True,False,False,False,421,False,False,12,80,2014-07-31T17:56:24Z,2025-01-25T10:32:31Z,0,0,1,1,1,1,0,0,0,1,0,0,1,1,0.4714201532115498,0.4714201532115498,0.0496169711255156,0.0075427224513847,630,1,0.0691168403730115,0.1644050104384133,1,3831,0,1,0,8.294049640102028,8.294049640102028,6.042632833682381,6.4457198193855785,9,13,3,32,50232,This package provides an in-memory B-Tree implementation for Go. The API is based off of the wonderfulhttp://godoc.org/github.com/petar/GoLLRB/llrb.
https://github.com/electron/node-chromium-pickle-js,False,False,11,22,22,True,False,False,False,11,True,False,3,14,2015-04-24T01:49:23Z,2023-05-03T16:26:15Z,0,0,1,1,1,1,0,0,0,1,1,0,1,1,0.3333333333333333,0.3333333333333333,0.1666666666666666,0.1666666666666666,17,1,0.2048192771084337,0.0047685834502103,1,3564,633,1,1,3.091042453358316,3.091042453358316,2.3978952727983707,2.833213344056216,1,0,2,2,0, module ports Chromium's 'Pickle' class to Node. Pickle class provides facilities for basic binary value packing and unpacking.
https://github.com/gregberge/svgr,False,True,15924,10652,10652,False,False,False,True,425,False,False,121,35,2017-09-01T21:38:42Z,2025-01-25T03:11:55Z,0,1,1,1,1,0,0,0,1,1,0,0,1,1,0.2828991049849945,0.2828991049849945,0.0112872812259315,0.4229145088040794,600,1,0.0156850443102501,0.2219755826859045,1,2702,0,1,0,9.273502946933824,9.273502946933824,6.052089168924417,6.396929655216146,107,501,14,323,10233154,SVGR is a tool to transform SVGs into React components. It takes a raw SVG and transforms it into a ready-to-use React component.
https://github.com/libp2p/go-libp2p,False,False,59122,6190,6190,True,False,False,True,1102,False,False,270,181,2015-09-30T23:24:32Z,2025-01-24T19:21:38Z,0,0,1,1,1,1,0,0,1,1,0,0,1,1,0.0852570106330229,0.0852570106330229,0.0151782270949259,0.8143077516390281,900,1,0.0122442316064431,0.2643171806167401,1,3404,1,1,1,8.730690365678642,8.730690365678642,7.004881989712859,6.802394763324311,233,1010,37,1786,8300,"libp2p is a networking stack and library modularized out of [The IPFS Project] It is built so that lots of people can use it, for lots of different projects. Building large-scale peer-to-peer"
https://github.com/ethers-io/ethers.js,False,True,157522,8081,8081,False,False,False,True,1921,False,False,565,103,2016-07-16T04:35:37Z,2025-01-25T05:56:52Z,0,1,1,1,1,0,0,0,1,1,0,0,1,1,0.0460180518777939,0.0460180518777939,0.0109393240511374,0.8970245721932747,210,1,0.0011944373346984,0.0673940949935815,1,3115,0,1,0,8.997270906233448,8.997270906233448,7.560601162768557,5.3471075307174685,416,2275,149,479,614308,"The Ethers Project is an open source library for Ethereum and ilk. The library is written in TypeScript and is free and open-source. It can be used to connect to nodes over [JSON-RPC], ["
https://github.com/pytest-dev/pytest-cov,False,False,1097,1804,1804,True,False,False,False,213,False,False,146,41,2014-04-17T20:01:12Z,2025-01-23T17:19:10Z,0,0,1,1,1,1,0,0,0,1,0,0,1,1,0.3668157787718585,0.3668157787718585,0.0433102887352582,0.2230581537210248,210,1,0.0409516380655226,0.0533401066802133,1,3936,2,1,1,7.497761700622568,7.497761700622568,5.3612921657094255,5.3471075307174685,140,271,6,252,0,"This plugin produces coverage reports for distributed testing support for pytest-xdist. The plugin does some extras: Subprocess support, Xdist support, and support for fork or run stuff in a subprocess."
https://github.com/pytest-dev/pytest,False,True,34977,12350,12350,True,False,True,True,2732,False,False,918,194,2015-06-15T20:28:27Z,2025-01-25T16:35:45Z,0,1,1,1,1,1,0,1,1,1,0,0,1,1,0.1978881251101604,0.1978881251101604,0.0437757374737617,0.5604480123059175,60,1,0.0009604763962925,0.0170794192997438,1,3512,0,1,0,9.421411342056125,9.421411342056125,7.912789220690681,4.0943445622221,824,5134,94,6095,1365584,The pytest framework makes it easy to write small tests. It can be used to support complex functional testing for applications and libraries.
https://github.com/erigontech/speedtest,False,False,42,1,1,True,False,True,False,1,False,False,1,0,2024-07-17T15:26:37Z,2024-11-13T17:17:05Z,0,0,1,1,1,1,0,1,0,1,0,0,1,0,0.0222222222222222,0.0222222222222222,0.0222222222222222,0.9333333333333332,3,1,0.0625,0.0155440414507772,1,192,73,1,1,0.0,0.0,0.0,1.0986122886681098,1,0,0,1,0,summarize: # speedtestFork of https://github.com/erigontech/speedtest adjusted to use erigon infra to do download speed test.
https://github.com/level/levelup,False,False,5894,4085,4085,False,False,True,False,267,True,False,0,91,2012-08-13T14:32:00Z,2025-01-13T05:59:10Z,0,0,1,1,1,0,0,1,0,1,1,0,0,1,0.2850464029027981,0.2850464029027981,0.0186309399204521,0.4112762542739516,480,1,0.0324083451488758,0.1055176961969663,1,4548,12,1,1,8.315077007294104,8.315077007294104,5.58724865840025,6.173786103901937,0,382,0,347,0,"LevelDB is a simple key-value store built by Google. It's used in Google Chrome and many other products. A Node.js wrapper for `abstract-leveldown` compliant stores, which follow the characteristics of"
https://github.com/mattn/go-isatty,False,True,63,847,847,True,False,True,False,108,False,False,14,12,2014-04-01T01:53:09Z,2025-01-21T08:50:05Z,0,1,1,1,1,1,0,1,0,1,0,0,1,1,0.4541554959785522,0.4541554959785522,0.0579088471849865,0.0337801608579088,420,1,0.1838074398249453,0.1062484189223374,1,3952,4,1,1,6.741700694652055,6.741700694652055,4.68213122712422,6.040254711277414,10,24,4,49,504456,"summarize: # go-isatty for golang, Go, Cygwin, and MSYS2."
https://github.com/servo/unicode-bidi,False,False,9069,78,78,True,False,True,False,34,False,False,7,18,2015-05-26T17:28:44Z,2024-12-30T22:22:10Z,0,0,1,1,1,1,0,1,0,1,0,0,1,1,0.0084242358786046,0.0084242358786046,0.0036721028188789,0.979479425423912,780,1,0.0776969817710927,0.2207755448627229,1,3532,25,1,1,4.356708826689592,4.356708826689592,3.5263605246161616,6.659293919683638,6,27,1,104,0,"This crate implements the [Unicode Bidirectional Algorithm] for display of mixed right-to-left and left- to-right text. It is written in safe Rust,compatible with the current stable release."
https://github.com/prettier-solidity/prettier-plugin-solidity,False,True,5016,732,732,True,False,True,False,75,False,False,12,12,2018-05-15T15:12:02Z,2025-01-24T01:48:45Z,0,1,1,1,1,1,0,1,0,1,0,0,1,1,0.111670480549199,0.111670480549199,0.011441647597254,0.7652173913043478,300,1,0.0437636761487965,0.1225490196078431,1,2447,1,1,1,6.595780513961311,6.595780513961311,4.31748811353631,5.703782474656201,7,219,5,852,0,"Prettier Solidity is a tool for automatically formatting your [Solidity] code. Prettier only works with valid code. If there is a syntax error, nothing will be done and a parser error will be thrown."
https://github.com/motdotla/dotenv,False,True,2391,19408,19408,False,True,False,True,862,False,False,5,109,2013-07-05T18:25:05Z,2025-01-25T20:44:08Z,0,1,1,1,1,0,1,0,1,1,0,0,1,1,0.4613373267726829,0.4613373267726829,0.0204901471392236,0.0568351993154103,780,1,0.0182034586571448,0.1847028179019654,1,4222,0,1,0,9.873440631183833,9.873440631183833,6.759255270663693,6.659293919683638,5,478,0,345,20162754,"Warp is a blazingly fast, Rust-based terminal reimagined to work like a modern app. Dotenv is a zero-dependency module that loads environment variables from a `env` file into [â€˜process."
https://github.com/ajv-validator/ajv,False,True,37489,14015,14015,False,True,False,True,886,False,False,282,112,2015-05-19T23:23:32Z,2025-01-25T06:02:51Z,0,1,1,1,1,0,1,0,1,1,0,0,1,1,0.2110533845342971,0.2110533845342971,0.0133423687975303,0.5645508621338755,390,1,0.0058387603862564,0.1102006216445323,1,3538,0,1,0,9.547883463598888,9.547883463598888,6.786716950605081,5.966146739123692,239,1433,43,775,31562145,The fastest JSON validator for Node.js and browser. Supports JSON Schema draft-04/06/07/2019-09/2020-12 ([draft-04 support] and RFC8927.
https://github.com/safe-global/safe-smart-account,False,True,8510,1915,1915,True,False,False,False,963,False,False,16,49,2017-09-02T09:23:38Z,2025-01-24T08:23:16Z,0,1,1,1,1,1,0,0,0,1,0,0,1,1,0.143952491919116,0.143952491919116,0.0723896865368713,0.6397053296248967,660,1,0.0472677791305593,0.244173140954495,1,2702,1,1,1,7.557472901614746,7.557472901614746,6.870053411798126,6.492239835020471,14,293,2,521,1714,A collection of the different Safe contract deployments and their addresses can be found in the [Safe deployments] repository. This will deploy the contracts deterministically and verify the contracts on etherscan using [Solidity 0.7.6]
https://github.com/nethermindeth/nethermind,False,True,498327,1318,1318,True,False,False,False,471,False,False,472,57,2017-08-23T15:10:51Z,2025-01-25T20:23:37Z,0,1,1,1,1,1,0,0,0,1,0,0,1,1,0.0026284615722108,0.0026284615722108,0.0009393060701906,0.9938037707853876,270,1,0.0005381659305088,0.0995208256542572,1,2712,0,1,0,7.183870715062453,7.183870715062453,6.154858094016418,5.598421958998375,351,2101,121,5498,0,"Nethermind is an open-source, Docker-based client for the Ethereum network. It's built on .NET and offers industry-leading performance in syncing and tip-of-chain processing. It offers extensibility"
https://github.com/vercel/serve-handler,False,True,639,590,590,False,False,False,False,98,False,False,81,59,2018-05-14T19:08:11Z,2025-01-15T13:14:35Z,0,1,1,1,1,0,0,0,0,1,0,0,1,1,0.3077725612936881,0.3077725612936881,0.0511215440792905,0.3333333333333333,210,1,0.0987306064880112,0.0857492854226214,1,2448,10,1,1,6.380122536899765,6.380122536899765,4.584967478670572,5.3471075307174685,48,49,33,90,0,"The serve-handler package represents the core of [vercel/serve]. It can be plugged into any HTTP server and is responsible for routing requests and handling responses. In order to customize the default behaviour, you can also pass custom"
https://github.com/vyperlang/vyper,False,True,12406,4956,4956,True,False,True,True,821,False,False,496,161,2016-11-11T08:56:41Z,2025-01-25T00:21:50Z,0,1,1,1,1,1,0,1,1,1,0,0,1,1,0.2141838454557241,0.2141838454557241,0.0354812221790051,0.5361510869095466,300,1,0.0127991808524254,0.1000667111407605,1,2997,0,1,0,8.508354242749032,8.508354242749032,6.710523109452428,5.703782474656201,411,1306,85,2329,1498,"Vyper is a free, open-source programming language. Vyper can be used to build contracts and play games. The language is written in Python."
https://github.com/postcss/postcss,False,True,10792,28612,28612,False,True,True,True,1570,False,False,23,506,2013-09-24T23:06:48Z,2025-01-25T18:15:59Z,0,1,1,1,1,0,1,1,1,1,0,0,1,1,0.411174661569856,0.411174661569856,0.0225620095996321,0.1550886672606558,210,1,0.0030087684107971,0.0507123883120019,1,4140,0,1,0,10.261581489228275,10.261581489228275,7.358830898342354,5.3471075307174685,23,980,0,901,29617328,"PostCSS is a tool for transforming styles with JS plugins. It is used by industry leaders including Wikipedia, Twitter, Alibaba, and JetBrains. PostCSS has more than 200 plugins."
https://github.com/import-js/eslint-import-resolver-typescript,False,True,4542,748,748,False,False,False,False,64,False,False,29,4,2017-09-24T00:27:16Z,2025-01-19T04:37:48Z,0,1,1,1,1,0,0,0,0,1,0,0,1,1,0.1225827597509013,0.1225827597509013,0.0104883644706653,0.744346116027532,450,1,0.0686813186813186,0.1678478179783663,1,2680,6,1,1,6.617402977974478,6.617402977974478,4.158883083359672,6.1092475827643655,28,134,1,175,2863316,The eslint-import-resolver-typescript plugin adds [`TypeScript`] support. It's available on GitHub and in the GitHub repositories.
https://github.com/pnpm/cmd-shim,False,False,805,14,14,True,False,True,False,11,False,False,7,5,2016-08-01T00:01:18Z,2023-06-20T06:13:21Z,0,0,1,1,1,1,0,1,0,1,0,0,1,1,0.0165876777251184,0.0165876777251184,0.0130331753554502,0.9537914691943128,480,1,0.3625377643504531,0.1548387096774193,1,3099,585,1,1,2.6390573296152584,2.6390573296152584,2.3978952727983707,6.173786103901937,5,7,2,32,0,The cmd-shim is used in [pnpm] to create executable scripts. It can be used to create command line applications.
https://github.com/libp2p/go-libp2p-pubsub,False,True,1399,332,332,False,False,False,False,189,False,False,81,42,2016-09-10T13:26:37Z,2024-12-30T20:25:31Z,0,1,1,1,1,0,0,0,0,1,0,0,1,1,0.147424511545293,0.147424511545293,0.0839253996447602,0.6212255772646537,840,1,0.2716688227684347,0.2745098039215686,1,3059,26,1,1,5.805134968916488,5.805134968916488,5.241747015059643,6.733401891837359,73,152,8,356,0,"This repo contains the canonical pubsub implementation for libp2p. We currently provide three message router options: Floodsub, Randomsub, and Gossipsub. This repo follows the [Repo Lead Maintainer Protocol"
https://github.com/mikemcl/bignumber.js,False,True,4784,6756,6756,True,True,True,False,742,False,False,24,83,2012-11-08T20:01:35Z,2025-01-25T13:34:54Z,0,1,1,1,1,1,1,1,0,1,0,0,1,1,0.35486920895052,0.35486920895052,0.0389746822145183,0.2512868998844416,480,1,0.0245926836766062,0.1075750784401613,1,4461,0,1,0,8.81818627792769,8.81818627792769,6.60934924316738,6.173786103901937,19,260,5,79,1937010,"A JavaScript library for arbitrary-precision decimal and non-decimal arithmetic. Uses JavaScript 1.5 (ECMAScript 3) features only. Uses a single constructor, which accepts a value of Number, String or BigNumber."
https://github.com/eslint/eslintrc,False,False,293,129,129,False,False,False,False,43,False,False,0,13,2020-08-20T18:44:53Z,2025-01-25T15:47:56Z,0,0,1,1,1,0,0,0,0,1,0,0,0,1,0.2171717171717171,0.2171717171717171,0.0723905723905724,0.4932659932659932,630,1,0.5147058823529411,0.3888888888888889,1,1619,0,1,0,4.859812404361672,4.859812404361672,3.7612001156935615,6.4457198193855785,0,46,0,127,17852098,"This repository contains the legacy ESLintRC configuration file format for ESLint. This package is not intended for use outside of the ESLint ecosystem. The primary class in this package is `FlatCompat`, which is a utility to translate"
https://github.com/colorjs/color-name,False,False,20,119,119,True,False,True,False,30,False,False,0,3,2014-11-23T16:16:07Z,2025-01-19T18:54:47Z,0,0,1,1,1,1,0,1,0,1,0,0,0,1,0.4131944444444444,0.4131944444444444,0.1041666666666666,0.0694444444444444,330,1,0.5339805825242718,0.0887812752219531,1,3716,6,1,1,4.77912349311153,4.77912349311153,3.4011973816621555,5.799092654460526,0,8,0,15,37150390,summarize: A JSON with color names and its values. Based on http://dev.w3.org/csswg/css-color/#named-colors.
https://github.com/pion/webrtc,False,True,5351,14191,14191,False,False,True,True,1680,False,False,91,261,2018-05-18T23:10:05Z,2025-01-25T12:00:15Z,0,1,1,1,1,0,0,1,1,1,0,0,1,1,0.4007285460141755,0.4007285460141755,0.0474402055742241,0.1511027023974246,570,1,0.0158408137175888,0.2332242225859247,1,2443,0,1,0,9.560363239834537,9.560363239834537,7.426549072397305,6.345636360828596,75,934,16,1774,115,Pion WebRTC v4.0.0 has been released. It is a pure Go implementation of the Web RTC API. The release notes include new features and breaking changes. Please create GitHub issues or speak with the Slack
https://github.com/prettier-solidity/solidity-comments-extractor,False,False,345,6,6,True,False,True,False,0,False,False,0,5,2020-11-15T20:56:15Z,2023-08-19T05:04:44Z,0,0,1,1,1,1,0,1,0,0,0,0,0,1,0.0168067226890756,0.0168067226890756,0.0,0.9663865546218487,23,1,0.0605263157894736,0.015003261578604,1,1532,525,1,1,1.791759469228055,1.791759469228055,0.0,3.1354942159291497,0,0,0,3,0,Extract comments from Solidity code. Use require('expect') to extract comments from a Solidity function. Use force to force comments to be equal.
https://github.com/rich-harris/estree-walker,False,False,2041,399,399,True,False,True,False,38,False,False,10,5,2015-04-09T12:56:33Z,2025-01-17T20:12:21Z,0,0,1,1,1,1,0,1,0,1,0,0,1,1,0.1386861313868613,0.1386861313868613,0.0132082029892248,0.7094195342370525,660,1,0.186598812553011,0.1843575418994413,1,3579,8,1,1,5.988961416889864,5.988961416889864,3.6375861597263857,6.492239835020471,5,7,5,26,0,"Simple utility for walking an ES6/7-compliant AST, such as one generated by [acorn] Estree-walker enumerates a node's properties to find child nodes and lists of nodes."
https://github.com/inikulin/parse5,False,False,10819,3716,3716,True,True,True,False,237,False,False,29,43,2013-03-18T19:46:24Z,2025-01-24T03:51:07Z,0,0,1,1,1,1,1,1,0,1,0,0,1,1,0.2009952401557767,0.2009952401557767,0.0128191259195153,0.5851903937689312,570,1,0.0299086997586315,0.131578947368421,1,4331,1,1,1,8.22040309993373,8.22040309993373,5.468060141135132,6.345636360828596,26,308,3,1041,18489169,Parse5 is an HTML parsing/serialization toolset for Node.js. It's the fastest spec-compliant HTML parser for Node to date.
https://github.com/mochajs/mocha,False,True,26733,22691,22691,False,False,True,False,3014,False,False,193,398,2011-03-07T18:44:25Z,2025-01-23T16:02:33Z,0,1,1,1,1,0,0,1,0,1,0,0,1,1,0.302027179917209,0.302027179917209,0.040117664284098,0.3558279758814838,180,1,0.0023901525714058,0.0354749704375246,1,5073,2,1,1,10.02972364908127,10.02972364908127,8.01102337918644,5.19295685089021,175,2863,18,2151,2650278,Mocha is an open source test framework for Node.js & The Browser. It is available on GitHub and Discord. There are no plans to add any new features.
https://github.com/crate-crypto/go-ipa,False,True,360,33,33,False,True,False,False,14,False,False,10,3,2021-10-13T17:15:25Z,2024-12-10T11:52:51Z,0,1,1,1,1,0,1,0,0,1,0,0,1,1,0.075,0.075,0.0318181818181818,0.8181818181818182,240,1,0.3529411764705882,0.1998334721065778,1,1200,46,1,1,3.49650756146648,3.49650756146648,2.6390573296152584,5.480638923341991,7,9,3,53,0,Go-ipa is a library of cryptographic primitives for Verkle Trees. It implements the [Verkle Tree cryptography spec] with extra optimizations. It includes: Implementation of the Bandersnatch curve.
https://github.com/alexeyraspopov/picocolors,False,False,81,1447,1447,False,False,False,False,45,False,False,11,11,2021-09-27T04:22:36Z,2025-01-25T10:49:34Z,0,0,1,1,1,0,0,0,0,1,0,0,1,1,0.4791390728476821,0.4791390728476821,0.0149006622516556,0.0268211920529801,870,1,0.2236503856041131,0.714872637633525,1,1216,0,1,0,7.277247726631484,7.277247726631484,3.80666248977032,6.76849321164863,7,34,4,47,22997521,"The tiniest and the fastest library for terminal output formatting with ANSI colors. Used by popular tools like PostCSS, SVGO, Stylelint, and Browserslist. Support for both CJS and ESM projects"
https://github.com/boa-dev/boa,False,False,54861,5392,5392,True,True,True,True,413,False,False,130,47,2018-08-08T22:20:05Z,2025-01-25T02:34:38Z,0,0,1,1,1,1,1,1,1,1,0,0,1,1,0.081625238426837,0.081625238426837,0.0062520815041327,0.8304974416421932,600,1,0.0090011701521197,0.2540220152413209,1,2361,0,1,0,8.592671652592143,8.592671652592143,6.023447592961033,6.396929655216146,105,670,25,3282,633,"Boa is an experimental Javascript lexer, parser and interpreter written in Rust. It has support for some of the language."
https://github.com/marak/colors.js,False,True,380,5178,5178,True,False,True,False,449,False,False,90,53,2010-06-11T06:48:43Z,2025-01-23T02:16:04Z,0,1,1,1,1,1,0,1,0,1,0,0,1,1,0.4629414394278051,0.4629414394278051,0.0401430487259722,0.0339740724184175,570,1,0.0484900042535091,0.1066816395283548,1,5342,2,1,1,8.552174160311482,8.552174160311482,6.107022887742255,6.345636360828596,71,143,19,110,0,Colors.js is a Node.js package that lets you add color and style to your node.js console. It's available on GitHub and is available in the 'develop' branch. You can use it to get color
https://github.com/webdriverio/webdriverio,False,True,353418,9159,9159,True,False,False,True,2530,False,False,204,216,2011-08-30T19:02:35Z,2025-01-25T18:42:35Z,0,1,1,1,1,1,0,0,1,1,0,0,1,1,0.0244718996649441,0.0244718996649441,0.0067598980404311,0.9442963026296805,780,1,0.0020797448846274,0.1592486729277256,1,4897,0,1,0,9.122492281402987,9.122492281402987,7.835974581721566,6.659293919683638,191,5381,13,7816,67648,WebdriverIO is a next-gen browser and mobile automation test framework for Node.js. It is available on GitHub and Crowdin.
https://github.com/mmcloughlin/addchain,False,False,441,188,188,False,False,False,False,14,False,False,30,7,2020-01-31T03:31:03Z,2024-12-30T09:51:09Z,0,0,1,1,1,0,0,0,0,1,0,0,1,1,0.2262334536702767,0.2262334536702767,0.0168471720818291,0.5306859205776173,630,1,0.4312114989733059,0.3457738748627881,1,1821,26,1,1,5.236441962829949,5.236441962829949,2.6390573296152584,6.4457198193855785,29,30,1,92,6881,Cryptographic Addition Chain Generation in Go. Addition chains are a building block in elliptic curve or other cryptographic codegenerators. Code generation and templated output support.
https://github.com/ethereum/eth-abi,False,False,1237,248,248,True,False,True,False,269,False,False,13,13,2016-02-19T20:18:56Z,2025-01-14T16:29:34Z,0,0,1,1,1,1,0,1,0,1,0,0,1,1,0.1238761238761238,0.1238761238761238,0.1343656343656343,0.6178821178821179,210,1,0.0949367088607595,0.0643382352941176,1,3263,11,1,1,5.513428746164983,5.513428746164983,5.594711379601839,5.3471075307174685,11,65,2,154,0,"Summarize: # Ethereum Contract Interface (ABI) Utility. # Python utilities for working with ABI definitions, especially encoding and decoding."
https://github.com/wooorm/ccount,False,False,63,6,6,False,False,False,False,2,False,False,0,4,2015-07-12T20:13:35Z,2023-03-15T11:06:47Z,0,0,1,1,1,0,0,0,0,1,0,0,0,1,0.0779220779220779,0.0779220779220779,0.0259740259740259,0.8181818181818182,120,1,0.6091370558375635,0.0344234079173838,1,3485,682,1,1,1.791759469228055,1.791759469228055,0.6931471805599453,4.787491742782046,0,0,0,16,0,"Get the count of how often `substring` occurs in a value. Use this utility to choose single quotes when double quotes are used more frequently, and double quotes otherwise."
https://github.com/status-im/nimbus-eth2,False,True,63533,557,557,True,True,True,False,253,False,False,202,37,2018-07-20T13:45:21Z,2025-01-24T23:29:50Z,0,1,1,1,1,1,1,1,0,1,0,0,1,1,0.0085824345146379,0.0085824345146379,0.0038983050847457,0.9789368258859784,510,1,0.0077969729399174,0.2141057934508816,1,2381,0,1,0,6.322565239927284,6.322565239927284,5.53338948872752,6.234410725718371,172,972,30,5652,0,"Nimbus-eth2 is an extremely efficient consensus layer (eth2) client implementation. While it's optimised for embedded systems and resource-restricted devices, its low resource usage also makes it an excellent choice for any server or"
https://github.com/wighawag/hardhat-deploy,False,False,5446,1206,1206,True,False,True,False,298,False,False,171,15,2020-03-19T15:42:44Z,2025-01-15T16:08:50Z,0,0,1,1,1,1,0,1,0,1,0,0,1,1,0.1478666012751348,0.1478666012751348,0.0365375183913683,0.667729279058362,210,1,0.0251016017212526,0.1183765501691093,1,1773,10,1,1,7.095064377287131,7.095064377287131,5.697093486505405,5.3471075307174685,151,229,20,158,46642,A complete dev template using hardhat-deploy is available here**: https://github.com/wighawag/template-ethereum-contracts. Check it out.
https://github.com/mozilla/source-map,False,False,7514,3581,3581,False,False,True,False,362,False,False,64,70,2011-07-07T22:07:39Z,2025-01-24T08:26:15Z,0,0,1,1,1,0,0,1,0,1,0,0,1,1,0.2381300704880968,0.2381300704880968,0.0240723500465487,0.4996675089772576,480,1,0.0309318211109679,0.0969501110886689,1,4950,1,1,1,8.183397369998433,8.183397369998433,5.891644211825772,6.173786103901937,41,192,23,248,29745698,Source Map is a library to generate and consume the source map format. It can be used with Node or on the Web.
https://github.com/lukeed/polka,False,False,768,5441,5441,False,False,False,False,173,False,False,27,69,2017-12-22T05:55:41Z,2025-01-23T14:18:34Z,0,0,1,1,1,0,0,0,0,1,0,0,1,1,0.4602046857819504,0.4602046857819504,0.0146324959824071,0.0649581324536919,840,1,0.066334991708126,0.324074074074074,1,2591,2,1,1,8.601718146485926,8.601718146485926,5.153291594497779,6.733401891837359,23,130,4,52,29050,"Polka is an extremely minimal, highly performant Express.js alternative. It is 33-50% faster than Express for simple applications. It has added support for routing, middleware, and sub-applications."
https://github.com/pycqa/flake8,False,True,3665,3512,3512,False,False,False,False,313,False,False,24,39,2014-09-13T17:06:24Z,2025-01-25T01:39:48Z,0,1,1,1,1,0,0,0,0,1,0,0,1,1,0.3192146882385021,0.3192146882385021,0.0284493728413015,0.3331212506816942,30,1,0.0027193618564176,0.0079197465681098,1,3787,0,1,0,8.163940954755008,8.163940954755008,5.746203190540153,3.4011973816621555,22,1566,2,364,591615,"Flake8 is a wrapper around the PyFlakes and Ned Batchelder's McCabe scripts. It displays the warnings in a per-file, merged output. It also adds a few features: # flake8: noqa"
https://github.com/gulpjs/glob-parent,False,False,60,80,80,False,False,False,False,45,False,False,7,15,2015-01-12T20:18:40Z,2024-12-07T00:38:13Z,0,0,1,1,1,0,0,0,0,1,0,0,1,1,0.3018867924528302,0.3018867924528302,0.1698113207547169,0.2264150943396226,870,1,0.7665198237885462,0.2372511589855467,1,3666,49,1,1,4.382026634673881,4.382026634673881,3.80666248977032,6.76849321164863,3,27,4,28,36606186,Extract the non-magic parent path from a glob string. Escaping rules and Limitations below. Disables automatic conversion of slashes for Windows.
https://github.com/swc-project/swc,False,True,364954,31556,31556,False,False,False,True,1254,False,False,422,152,2017-12-22T11:40:14Z,2025-01-25T09:42:39Z,0,1,1,1,1,0,0,0,1,1,0,0,1,1,0.0735022826795863,0.0735022826795863,0.0029208981645392,0.8500745364762881,660,1,0.0015349551141913,0.2546296296296296,1,2591,0,1,0,10.35951902421498,10.35951902421498,7.134093721192866,6.492239835020471,388,3292,34,5547,691642,SWC is a super-fast TypeScript / JavaScript compiler written in Rust. It's a library for Rust and JavaScript at the same time. Make the web (development) faster.
https://github.com/floating-ui/floating-ui,False,True,40383,30538,30538,True,False,True,True,1629,False,False,38,257,2016-03-29T17:00:47Z,2025-01-25T20:47:30Z,0,1,1,1,1,1,0,1,1,1,0,0,1,1,0.2962323451808163,0.2962323451808163,0.0158020332143411,0.391733276424026,330,1,0.0031909338799822,0.1023255813953488,1,3224,0,1,0,10.326727088743455,10.326727088743455,7.395721608602045,5.799092654460526,27,1376,11,1318,2822786,"Floating UI is a small library that helps you create ""floating"" elements such as tooltips, popovers, dropdowns, and more. It offers two main features: anchor positioning and user interactions for React."
https://github.com/ipfs/js-ipfs,False,True,55948,7441,7441,True,True,False,False,1251,True,False,0,223,2014-05-30T00:31:06Z,2025-01-25T09:37:20Z,0,1,1,1,1,1,1,0,0,1,1,0,0,1,0.103231087249067,0.103231087249067,0.0173554750905231,0.7761823504113428,780,1,0.0107053156009387,0.2003081664098613,1,3893,0,1,0,8.914760527397261,8.914760527397261,7.131698510466912,6.659293919683638,0,1672,0,2647,149,The IPFS protocol is used by Node.js and Node.JS. The [js-IPFS] repo has been superseded by the [Helia] repo. This guide explains how to migrate from the [js
https://github.com/humanwhocodes/object-schema,False,False,111,32,32,True,False,False,False,7,True,False,1,2,2019-02-03T16:33:21Z,2024-06-10T15:34:29Z,0,0,1,1,1,1,0,0,0,1,1,0,1,1,0.1758241758241758,0.1758241758241758,0.0384615384615384,0.6098901098901099,180,1,0.4972375690607735,0.0824175824175824,1,2183,229,1,1,3.4657359027997265,3.4657359027997265,1.9459101490553128,5.19295685089021,0,1,1,18,0, JavaScript object merge/validation utility where you can define a different merge and validation strategy for each key. This is helpful when you need to validate complex data structures and then merge them in a way that is more complex than `Object.
https://github.com/mafintosh/pump,False,False,34,910,910,True,False,True,False,59,False,False,17,7,2013-08-14T19:59:20Z,2025-01-06T14:34:45Z,0,0,1,1,1,1,0,1,0,1,0,0,1,1,0.4756926293779404,0.4756926293779404,0.0308416100365917,0.0177731312075274,330,1,0.1471243869817209,0.0788907482667941,1,4182,19,1,1,6.813444599510896,6.813444599510896,4.07753744390572,5.799092654460526,12,28,5,15,16229503,Pump is a small node module that pipes streams together and destroys all of them if one of them closes. It is available as part of the Tidelift Subscription.
https://github.com/vweevers/module-error,False,False,23,6,6,False,False,False,False,1,False,False,3,1,2021-10-22T09:00:52Z,2024-09-04T02:08:13Z,0,0,1,1,1,0,0,0,0,1,0,0,1,1,0.1666666666666666,0.1666666666666666,0.0277777777777777,0.6388888888888888,13,1,0.2653061224489796,0.0109060402684563,1,1191,143,1,1,1.791759469228055,1.791759469228055,0.0,2.5649493574615367,0,0,3,8,0, module-error is a Node.js tool to create errors with a code and cause. It works like a regular error constructor but adds an options argument. It can be used to create subclasses with prepared codes.
https://github.com/fastify/light-my-request,False,True,560,376,376,False,False,False,False,48,False,False,9,15,2017-09-27T22:40:55Z,2025-01-21T23:39:48Z,0,1,1,1,1,0,0,0,0,1,0,0,1,1,0.2764705882352941,0.2764705882352941,0.0352941176470588,0.4117647058823529,570,1,0.2953367875647668,0.212924915950691,1,2676,3,1,1,5.929589143389895,5.929589143389895,3.871201010907891,6.345636360828596,6,50,3,272,132849,"Injects a fake HTTP request/response into a node HTTP server for simulating server logic, writing tests, or debugging. Does not use a socket connection so can be run against an inactive server (server not in listen mode)"
https://github.com/wooorm/markdown-table,False,False,130,274,274,False,False,False,False,24,False,False,0,7,2014-10-04T17:30:06Z,2025-01-02T22:57:22Z,0,0,1,1,1,0,0,0,0,1,0,0,0,1,0.3903133903133903,0.3903133903133903,0.0341880341880341,0.1851851851851851,840,1,0.5447470817120622,0.2229891160074329,1,3766,22,1,1,5.613128106388071,5.613128106388071,3.1780538303479458,6.733401891837359,0,11,0,22,1029089,Generate a markdown (GFM) table from table data. Use this package when you want to generate the source code of a GFM table from some data.
https://github.com/ljharb/call-bind,False,False,130,10,10,False,False,False,False,7,False,False,3,4,2020-10-30T05:27:37Z,2024-12-06T05:19:15Z,0,0,1,1,1,0,0,0,0,1,0,0,1,1,0.0636942675159235,0.0636942675159235,0.0445859872611464,0.8280254777070064,210,1,0.5722070844686649,0.1355713363460297,1,1548,50,1,1,2.302585092994046,2.302585092994046,1.9459101490553128,5.3471075307174685,2,4,1,1,25972832,Robustly create a function called 'call-bind' using the 'npm install' command. The code is available on GitHub and can be downloaded.
https://github.com/webpack/webpack,False,True,67052,64975,64975,True,False,False,True,8929,False,False,258,1456,2012-03-10T10:08:14Z,2025-01-25T20:56:36Z,0,1,1,1,1,1,0,0,1,1,0,0,1,1,0.3155183046748668,0.3155183046748668,0.0433591834158043,0.325604207234462,420,1,0.002035366923349,0.0892667375132837,1,4704,0,1,0,11.081757859509691,11.081757859509691,9.097059685517216,6.040254711277414,144,9835,114,7039,21165316,"Webpack is a module bundler. Its main purpose is to bundle JavaScript files for usage in a browser. It is also capable of transforming, bundling, or packaging just about any resource or asset."
https://github.com/vuejs/vue,False,True,32152,208264,208264,True,False,True,False,33709,False,False,601,5855,2013-07-29T03:24:51Z,2025-01-25T17:18:00Z,0,1,1,1,1,1,0,1,0,1,0,0,1,1,0.4317345544778177,0.4317345544778177,0.0698792882922288,0.0666516027521357,690,1,0.0014283378081017,0.1643248392474398,1,4198,0,1,0,12.24656178466022,12.24656178466022,10.4255201430002,6.536691597591305,354,9663,247,2289,0,"Vue has reached End of Life on December 31st, 2023. It no longer receives new features, updates, or fixes. It is still available on all existing distribution channels."
https://github.com/wevm/viem,False,True,366844,2706,2706,True,False,False,True,958,False,False,7,30,2022-07-22T00:54:04Z,2025-01-25T13:48:35Z,0,1,1,1,1,1,0,0,1,1,0,0,1,1,0.0072505318664358,0.0072505318664358,0.0025668919172378,0.9829320443498905,180,1,0.000482064521658,0.1958650707290533,1,918,0,1,0,7.903226808730733,7.903226808730733,6.86484777797086,5.19295685089021,4,575,3,2040,62359,Viem is participating in Gitcoin Grants round 21. Consider supporting the project by supporting the Gitcoin project. Viem is a TypeScript Interface for Ethereum.
https://github.com/swc-project/pkgs,False,False,658,63,63,False,False,False,True,23,False,False,8,5,2023-07-14T04:40:03Z,2025-01-14T17:15:03Z,0,0,1,1,1,0,0,0,1,1,0,0,1,1,0.0780669144981412,0.0780669144981412,0.0285006195786864,0.815365551425031,300,1,0.2710027100271002,0.5338078291814946,1,561,11,1,1,4.143134726391533,4.143134726391533,3.1354942159291497,5.703782474656201,8,27,0,44,39519,Various npm packages for the SWC project. Swc is a webpack loader for swc. SwC is a command line interface for swC.
https://github.com/vitest-dev/vitest,False,True,40168,13646,13646,True,False,True,True,1249,False,False,347,52,2021-12-03T19:19:49Z,2025-01-25T16:01:31Z,0,1,1,1,1,1,0,1,1,1,0,0,1,1,0.1986057139530483,0.1986057139530483,0.0181781134931377,0.5846104586007655,480,1,0.0069375189697784,0.417391304347826,1,1149,0,1,0,9.52120171737537,9.52120171737537,7.130098510125578,6.173786103901937,276,2761,71,3200,0,"Next generation testing framework powered by Vite. Vite is a free, open-source, cross-platform testing framework for Node.js, Vue, React, and React. It's based on the Jest"
https://github.com/mysticatea/event-target-shim,False,False,1375,125,125,False,False,False,False,26,False,False,29,5,2015-02-21T19:20:04Z,2024-11-30T05:37:46Z,0,0,1,1,1,0,0,0,0,1,0,0,1,1,0.0757116898849182,0.0757116898849182,0.0157480314960629,0.8328285887341006,210,1,0.1128425577646426,0.0578990901571546,1,3626,56,1,1,4.8283137373023015,4.8283137373023015,3.258096538021482,5.3471075307174685,11,18,17,17,3659344,"An implementation of [WHATWG `EventTarget` interface] and [whatwg `Event` interface. This implementation supports constructor, `passive` and `signal' This implementation is designed to work on both browsers and"
https://github.com/openzeppelin/openzeppelin-contracts,False,True,47847,25233,25233,False,False,False,False,11893,False,False,283,639,2016-08-01T20:54:54Z,2025-01-25T17:21:52Z,0,1,1,1,1,0,0,0,0,1,0,0,1,1,0.2289621254741121,0.2289621254741121,0.1079160844237155,0.4341596646280601,120,1,0.0010876855863531,0.0387096774193548,1,3099,0,1,0,10.135907940630547,10.135907940630547,9.383705270727246,4.787491742782046,216,1739,67,3268,286708,OpenZeppelin Contracts is a library for secure smart contract development. Build on a solid foundation of community-vetted code. Reusable [Solidity components] to build custom contracts and complex decentralized systems.
https://github.com/biomejs/biome,False,True,210855,16636,16636,True,False,False,True,517,False,False,217,52,2023-07-27T20:30:22Z,2025-01-25T20:36:28Z,0,1,1,1,1,1,0,0,1,1,0,0,1,1,0.0680008502150062,0.0680008502150062,0.0021132747993002,0.8618850247706872,570,1,0.00232450023245,1.0382513661202186,1,548,0,1,0,9.719324300862802,9.719324300862802,6.248042874508429,6.345636360828596,186,1323,31,2902,43716,"All new developments, fixes and features should be directed towards the `next` branch. The `main` is only used for maintenance and CI while the team prepares everything for v2."
https://github.com/ethereum/go-ethereum,False,True,218308,48212,48212,True,True,True,False,20467,False,False,284,2209,2013-12-26T13:05:46Z,2025-01-25T20:42:33Z,0,1,1,1,1,1,1,1,0,1,0,0,1,1,0.1438309780160442,0.1438309780160442,0.0610592513700816,0.65127879259783,30,1,8.949106431722792e-05,0.0074092368486045,1,4048,0,1,0,10.783363231708234,10.783363231708234,9.926569111979449,3.4011973816621555,189,8019,95,11024,23419,"The go-ethereum project comes with several wrappers/executables found in the `cmd` directory. You can install them using your favourite package manager. It is the entry point into the Ethereum network (main, test"
https://github.com/quic-go/qpack,False,False,128,32,32,True,False,True,False,8,False,False,4,2,2019-03-01T02:39:43Z,2025-01-11T07:17:34Z,0,0,1,1,1,1,0,1,0,1,0,0,1,1,0.16,0.16,0.04,0.64,750,1,0.7894736842105263,0.3475440222428174,1,2157,14,1,1,3.4657359027997265,3.4657359027997265,2.079441541679836,6.620073206530356,2,7,2,43,0,"This is a minimal QPACK implementation in Go. It doesn't use the dynamic table at all, but just the static table and (Huffman encoded) string literals. Wherever possible, it reuses code from the"
https://github.com/getsentry/sentry-javascript,False,True,145603,8074,8074,True,True,False,True,1617,False,False,385,126,2012-02-01T20:16:25Z,2025-01-25T16:52:50Z,0,1,1,1,1,1,1,0,1,1,0,0,1,1,0.0494221634591841,0.0494221634591841,0.0098978992213897,0.8912577738602419,660,1,0.0040237032701733,0.1391524351676154,1,4742,0,1,0,8.996404301412886,8.996404301412886,7.388327859577107,6.492239835020471,345,5508,40,8467,107689,"This is the next line of Sentry JavaScript SDKs, comprised in the `@sentry/` namespace. It will provide a more worrisomeconvenient interface and improved consistency between various JavaScript environments. For each major platform, there is"
https://github.com/ethereum/remix-plugin,False,False,6364,165,165,True,False,True,False,109,False,False,80,15,2018-03-19T12:50:16Z,2025-01-19T09:20:58Z,0,0,1,1,1,1,0,1,0,1,0,0,1,1,0.0242540055857709,0.0242540055857709,0.0160223430839335,0.9354696457445244,810,1,0.1063969525811112,0.3233532934131736,1,2504,6,1,1,5.10594547390058,5.10594547390058,4.691347882229144,6.697034247666484,49,75,31,294,0,Remix plugin is a universal plugin system written in Typescript. It provides an extendable engine that simplifies communication between multiple internal or external sources. It's divided into two main categories: engine and plugin.
https://github.com/grandinetech/grandine,False,False,5474,183,183,True,False,True,False,33,False,False,36,7,2021-06-29T11:50:59Z,2025-01-22T13:53:01Z,0,0,1,1,1,1,0,1,0,1,0,0,1,1,0.0311595436744423,0.0311595436744423,0.0056189341052273,0.932061978545888,30,1,0.0050821616127392,0.0229533282325937,1,1306,3,1,1,5.209486152841421,5.209486152841421,3.49650756146648,3.4011973816621555,18,34,18,24,0,Grandine is a lightweight client and needs only ~2.5GB of memory on the mainnet. It is built by [Grandine core team] led by [Saulius Grigaitis](https://twitter.com
https://github.com/typescript-eslint/typescript-eslint,False,True,68533,15457,15457,False,False,False,True,2760,False,False,349,91,2019-01-13T17:52:15Z,2025-01-25T18:42:35Z,0,1,1,1,1,0,0,0,1,1,0,0,1,1,0.1512323030712182,0.1512323030712182,0.0270040212509906,0.6705313726065729,450,1,0.0043835296180484,0.2040816326530612,1,2204,0,1,0,9.645817254152318,9.645817254152318,7.9229859587111955,6.1092475827643655,299,4918,50,5293,16197147,Monorepo is the tooling that enables ESLint and Prettier to support TypeScript. See <strong>https://typescript-eslint.io for documentation on the latest released version.
https://github.com/alloy-rs/core,False,True,3431,819,819,False,False,False,False,166,False,False,34,22,2023-03-17T16:49:39Z,2025-01-21T22:04:10Z,0,1,1,1,1,0,0,0,0,1,0,0,1,1,0.1564469914040114,0.1564469914040114,0.03170964660936,0.655396370582617,120,1,0.0224089635854341,0.1762114537444934,1,680,3,1,1,6.70808408385307,6.70808408385307,5.111987788356544,4.787491742782046,32,196,2,620,3209,"Alloy is a rewrite of [`ethers-rs`] from the ground up. It has exciting newfeatures, high performance, and excellent docs. The current MSR version is 1.81 (minimum supported)"
https://github.com/webreflection/flatted,False,False,842,1057,1057,True,False,True,False,49,False,False,2,10,2018-04-26T08:05:51Z,2025-01-22T10:34:40Z,0,0,1,1,1,1,0,1,0,1,0,0,1,1,0.3517470881863561,0.3517470881863561,0.01630615640599,0.2801996672212978,450,1,0.130246020260492,0.1824077827320632,1,2466,3,1,1,6.963189985870238,6.963189985870238,3.8918202981106265,6.1092475827643655,1,54,1,26,23263337,Flatted is a super light (0.5K) and fast circular JSON parser. It's part of the [Structured Clone polyfill](https://github.com/ungap/structured-clone/#readme)
https://github.com/supranational/blst,False,False,2032,485,485,True,False,True,False,181,False,False,35,18,2020-06-22T15:28:41Z,2025-01-24T00:45:32Z,0,0,1,1,1,1,0,1,0,1,0,0,1,1,0.1523719761231542,0.1523719761231542,0.0568645931511153,0.6383914546025762,360,1,0.1016088060965283,0.2144133412745682,1,1678,1,1,1,6.184148890937483,6.184148890937483,5.198497031265826,5.886104031450156,22,122,13,84,4143,Blst is a BLS12-381 signature library focused on performance and security. It is written in C and assembly. The library deliberately abstains from dealing with memory management and multi-threading.
https://github.com/prysmaticlabs/prysm,False,True,165941,3504,3504,True,False,True,True,1053,False,False,302,129,2018-01-11T21:31:33Z,2025-01-25T11:13:44Z,0,1,1,1,1,1,0,1,1,1,0,0,1,1,0.0201376995666716,0.0201376995666716,0.006051654578683,0.9536729462879736,840,1,0.0048043376305464,0.3267211201866978,1,2570,0,1,0,8.161660452056282,8.161660452056282,6.959398512133975,6.733401891837359,197,3014,105,11395,314,Prysm is an implementation of the [Ethereum Consensus] [specification]. It is developed by [Offchain Labs. See the Changelog for details of the latest releases and upcoming breaking changes.
https://github.com/google/flatbuffers,False,True,20067,23677,23677,False,True,True,True,3284,False,False,140,643,2014-05-19T18:33:01Z,2025-01-25T10:50:10Z,0,1,1,1,1,0,1,1,1,1,0,0,1,1,0.3348702354854678,0.3348702354854678,0.0464465030761615,0.2838130259529029,150,1,0.0021169995060334,0.0384122919334186,1,3904,0,1,0,10.072259391783,10.072259391783,8.096817470572319,5.010635294096256,93,2343,47,2557,153648,"FlatBuffers is a cross platform serialization library architected for maximum memory efficiency. It allows you to directly access serialized data without parsing/unpacking it first, while still having great forwards/backwards compatibility. Supported programming"
https://github.com/safe-global/safe-singleton-factory,False,False,788,99,99,True,False,True,False,97,False,False,20,15,2021-09-17T11:44:26Z,2025-01-21T15:44:25Z,0,0,1,1,1,1,0,1,0,1,0,0,1,1,0.0914127423822714,0.0914127423822714,0.0895660203139427,0.7276084949215144,330,1,0.2335456475583864,0.2689486552567237,1,1226,4,1,1,4.59511985013459,4.59511985013459,4.574710978503383,5.799092654460526,17,500,3,365,0,"Singleton factory used by Safe-related contracts based on https://github.com/Arachnid/deterministic-deployment-proxy. The deployer is deployed with a one-time-use account, so"
https://github.com/protofire/solhint,False,True,3297,1054,1054,True,True,True,True,171,False,False,23,21,2017-10-16T11:48:44Z,2025-01-24T00:45:31Z,0,1,1,1,1,1,1,1,1,1,0,0,1,1,0.1890243902439024,0.1890243902439024,0.0306671449067431,0.591284074605452,630,1,0.101514663229133,0.236931177134261,1,2658,1,1,1,6.960347729101308,6.960347729101308,5.14166355650266,6.4457198193855785,19,255,4,343,54959,Solhint is an open source project for linting [Solidity] code. Solhint uses the Solidity programming language.
https://github.com/ljharb/qs,False,False,12008,8628,8628,False,False,False,False,735,False,False,73,67,2014-07-25T18:35:41Z,2025-01-25T12:57:49Z,0,0,1,1,1,0,0,0,0,1,0,0,1,1,0.2876095869862329,0.2876095869862329,0.0245008166938897,0.4002800093336444,360,1,0.0118580980928225,0.0937988535695674,1,3837,0,1,0,9.062768007509048,9.062768007509048,6.5998704992128365,5.886104031450156,62,282,11,155,31961980,"qs** is a querystring parsing and stringifying library with some added security. It allows you to create nested objects within your query strings, by surrounding the name of sub-keys with square brackets."
https://github.com/gulpjs/gulp,False,True,1118,33055,33055,True,False,False,True,4219,False,False,33,1025,2013-07-04T05:26:06Z,2025-01-24T07:56:24Z,0,1,1,1,1,1,0,0,1,1,0,0,1,1,0.4626506361358769,0.4626506361358769,0.0590507649026551,0.0156479628255909,180,1,0.00251301883368,0.0426136363636363,1,4223,1,1,1,10.405928119767678,10.405928119767678,8.347353412124338,5.19295685089021,28,1905,5,664,2103593,"Gulp is a toolkit that helps you automate painful or time-consuming tasks. Integrations are built into all major IDEs and people are using gulp with PHP, .NET, Node.js, Java, and other platforms"
https://github.com/babel/babel,False,True,122411,43376,43376,True,False,False,True,5658,False,False,782,804,2014-09-28T13:38:23Z,2025-01-25T13:03:25Z,0,1,1,1,1,1,0,0,1,1,0,0,1,1,0.2019169448052099,0.2019169448052099,0.026338207158518,0.5698279032310621,270,1,0.0012552826478095,0.0715610919692552,1,3772,0,1,0,10.677661571738447,10.677661571738447,8.640825751861513,5.598421958998375,628,8275,154,7206,25199185,"Babel (pronounced [""babble""](https://soundcloud.com/sebmck/how-to-pronounce-babel) is a-driven project-driven community. It's used by many companies"
https://github.com/servo/rust-smallvec,False,False,670,1391,1391,True,False,True,False,146,False,False,34,27,2015-04-05T21:42:27Z,2025-01-21T15:39:55Z,0,0,1,1,1,1,0,1,0,1,0,0,1,1,0.386603668704836,0.386603668704836,0.0405780989438577,0.1862145636464702,210,1,0.0551470588235294,0.05861010326542,1,3582,4,1,1,7.237778191923443,7.237778191923443,4.983606621708336,5.3471075307174685,33,83,1,250,554085,"""Small vector"" optimization for Rust: store up to a small number of items on the stack. SmallVec points to a slice, so you can use normal slice indexing."
https://github.com/webdriverio/selenium-standalone,False,True,3172,913,913,True,False,True,False,221,False,False,21,34,2013-09-25T12:10:36Z,2025-01-19T10:05:00Z,0,1,1,1,1,1,0,1,0,1,0,0,1,1,0.1749377275340103,0.1749377275340103,0.0423452768729641,0.6077792680590152,300,1,0.0543576734915745,0.0724462690171456,1,4140,6,1,1,6.816735880594968,6.816735880594968,5.3981627015177525,5.703782474656201,9,317,12,600,0,"By default, Google Chrome, Firefox and Microsoft Edge are available when installed on the host system. If you are looking for more sophisticated Docker container that allows you to run browser, check out the [Docker Selenium] project."
https://github.com/numpy/numpy,False,True,152872,28642,28642,True,False,True,False,10363,False,False,2181,598,2010-09-13T23:02:39Z,2025-01-25T20:44:24Z,0,1,1,1,1,1,0,1,0,1,0,0,1,1,0.129884499748321,0.129884499748321,0.0469936830839973,0.6932373174193607,750,1,0.0033895394293823,0.1429115853658536,1,5247,0,1,0,10.262629451038649,10.262629451038649,9.245997049184217,6.620073206530356,1987,11074,194,14845,2816265," NumPy is the fundamental package for scientific computing with Python. It provides: a powerful N-dimensional array object, sophisticated (broadcasting) functions, and tools for integrating C/C++ and Fortran code."
https://github.com/alloy-rs/alloy,False,True,27758,713,713,False,True,False,False,261,False,False,87,21,2023-04-17T23:31:47Z,2025-01-24T15:09:34Z,0,1,1,1,1,0,1,0,0,1,0,0,1,1,0.0242146374596705,0.0242146374596705,0.0088639836984207,0.942706741382238,420,1,0.0140632847815168,0.6471494607087828,1,648,1,1,1,6.569481420414296,6.569481420414296,5.564520407322694,6.040254711277414,70,420,17,1426,950,"Alloy is a rewrite of [`ethers-rs`] from the ground up, with exciting newfeatures, high performance, and excellent [docs] The easiest way to get started is to add the `alloy` crate"
https://github.com/streetsidesoftware/cspell,False,True,256835,1306,1306,True,True,True,True,103,False,False,106,13,2017-01-15T13:11:46Z,2025-01-25T06:19:15Z,0,1,1,1,1,1,1,1,1,1,0,0,1,1,0.0050317857830861,0.0050317857830861,0.0003968406858023,0.9895395877480254,780,1,0.0029961971344063,0.2659393112853733,1,2932,0,1,0,7.174724309836376,7.174724309836376,4.634728988229636,6.659293919683638,101,334,5,6304,0,"The CSpell mono-repo, a spell checker for code, is available on GitHub. CSpell is a free, open-source version of the VS Code Spell Checker."
https://github.com/hyperledger/besu,False,True,90907,1556,1556,False,False,False,False,879,False,False,272,58,2019-09-04T21:11:20Z,2025-01-25T02:06:24Z,0,1,1,1,1,0,0,0,0,1,0,0,1,1,0.0163965520875044,0.0163965520875044,0.0092625766612573,0.9579443191637336,60,1,0.0006318582952463,0.030441400304414,1,1970,0,1,0,7.349873704738337,7.349873704738337,6.778784897685177,4.0943445622221,237,2617,35,5248,0,"Besu is an Apache 2.0 licensed, MainNet compatible, Ethereum client written in Java. It is available on GitHub and can be downloaded from here."
https://github.com/sindresorhus/type-fest,False,False,2026,14758,14758,False,False,False,False,571,False,False,162,52,2019-03-13T10:30:19Z,2025-01-25T12:41:48Z,0,0,1,1,1,0,0,0,0,1,0,0,1,1,0.4595646622863015,0.4595646622863015,0.0177809609815339,0.063089714445863,510,1,0.0156331422615945,0.2376514445479962,1,2145,0,1,0,9.599540587618312,9.599540587618312,6.3473892096560105,6.234410725718371,153,376,9,502,26194138,Sindre Sorhus' open source work is supported by the community. Logto is an open-source alternative designed for every app.
https://github.com/emotion-js/emotion,False,True,24917,17617,17617,False,False,False,True,1117,False,False,344,96,2017-05-27T04:23:45Z,2025-01-24T17:15:53Z,0,1,1,1,1,0,0,0,1,1,0,0,1,1,0.2875399882483515,0.2875399882483515,0.018231376901482,0.406688646601815,840,1,0.0135248277194564,0.299892895394502,1,2800,1,1,1,9.77661962392714,9.77661962392714,7.018401799069201,6.733401891837359,282,1428,62,1378,327298,"Emotion is a performant and flexible CSS-in-JS library. It allows you to style apps quickly with string or object styles. With source maps and labels, Emotion has a great developer experience."
https://github.com/lukeed/kleur,False,False,129,1638,1638,False,False,False,False,47,False,False,13,9,2018-07-10T07:22:28Z,2025-01-11T12:57:40Z,0,0,1,1,1,0,0,0,0,1,0,0,1,1,0.4745075318655851,0.4745075318655851,0.0136152954808806,0.037369640787949,150,1,0.0416435313714603,0.0627090301003344,1,2391,14,1,1,7.401231264413015,7.401231264413015,3.8501476017100575,5.010635294096256,8,17,5,31,15148951,The fastest Node.js library for formatting terminal text with ANSI colors. As of `v3.0` the Chalk-style syntax (magical getter) is no longer used.
https://github.com/eth-infinitism/account-abstraction,False,False,3155,1599,1599,True,False,True,False,679,False,False,13,39,2022-01-24T15:01:07Z,2025-01-23T21:41:04Z,0,0,1,1,1,1,0,1,0,1,0,0,1,1,0.2273890784982935,0.2273890784982935,0.0965585893060295,0.4486632536973834,60,1,0.0084602368866328,0.0546448087431694,1,1097,1,1,1,7.377133712833954,7.377133712833954,6.520621127558696,4.0943445622221,4,143,9,369,9922,summarize: Implementation of contracts for [ERC-4337](https://eips.ethereum.org/EIPS/eip-4 337) account abstraction via alternative mempool.
https://github.com/xtuc/webassemblyjs,False,True,7668,793,793,False,True,False,False,92,False,False,77,10,2017-12-04T06:49:30Z,2025-01-21T17:04:28Z,0,1,1,1,1,0,1,0,0,1,0,0,1,1,0.0848491333190669,0.0848491333190669,0.0098437834367643,0.8204579499251017,660,1,0.0659604237457525,0.2528735632183908,1,2609,4,1,1,6.675823221634848,6.675823221634848,4.5217885770490405,6.492239835020471,62,154,15,972,166199,Some packages rely on Node's BufferAssembly API. We recommend you to add BufferAssembly in your building process in other environments. See [WebAssembly.org] for more information.
https://github.com/kaelzhang/node-ignore,False,False,386,455,455,True,False,True,False,47,False,False,4,10,2013-09-01T10:52:11Z,2025-01-19T11:27:51Z,0,0,1,1,1,1,0,1,0,1,0,0,1,1,0.3387937453462397,0.3387937453462397,0.0349962769918093,0.2874162323157111,300,1,0.1825928180158247,0.0720288115246098,1,4164,6,1,1,6.12029741895095,6.12029741895095,3.8501476017100575,5.703782474656201,3,70,1,73,27796949," ignore is a manager, filter and parser which implemented in pure JavaScript. It matches files using patterns and filters them according to gitignore rules. It is fully tested, and has more than five hundreds of unit tests."
https://github.com/web3/web3.js,False,True,138282,19550,19550,True,False,True,True,5021,False,False,150,462,2014-09-30T20:50:37Z,2025-01-25T20:45:17Z,0,1,1,1,1,1,0,1,1,1,0,0,1,1,0.1071802547107229,0.1071802547107229,0.0275269595346567,0.7581125310438973,60,1,0.0003288337909603,0.0159108989657915,1,3770,0,1,0,9.880730565413511,9.880730565413511,8.521384396034705,4.0943445622221,145,3820,5,2883,0,"Web3.js libraries are being sunset on March 4th, 2025. For migration guides and more details please refer to [Chainsafe blog] The migration guide and its first step are listed in the migration guide."
https://github.com/chainsafe/lodestar,False,True,398880,1227,1227,True,True,True,True,318,False,False,257,34,2018-06-22T14:41:47Z,2025-01-25T06:59:40Z,0,1,1,1,1,1,1,1,1,1,0,0,1,1,0.0030548833318395,0.0030548833318395,0.000791730154462,0.9930985031818588,900,1,0.0022357360042926,0.3734439834024896,1,2409,0,1,0,7.112327444710911,7.112327444710911,5.762051382780177,6.802394763324311,225,2330,32,4722,132,Lodestar is a TypeScript implementation of the [Ethereum Consensus specification] developed by [ChainSafe Systems. Lodestar can be downloaded from GitHub.
https://github.com/cssnano/cssnano,False,True,33666,4823,4823,True,True,True,True,320,False,False,97,50,2015-04-14T16:23:09Z,2025-01-23T08:19:00Z,0,1,1,1,1,1,1,1,1,1,0,0,1,1,0.110538137147048,0.110538137147048,0.0073340667400073,0.7715896589658966,600,1,0.0135648399348887,0.1678321678321678,1,3574,2,1,1,8.481151420068972,8.481151420068972,5.768320995793772,6.396929655216146,91,646,6,925,15515548,"cssnano is a modern, modular compression tool written on top of the PostCSS ecosystem. It can be used to compress and compress content in a variety of ways."
https://github.com/qix-/color-convert,False,False,152,753,753,True,False,True,False,96,False,False,17,12,2011-06-10T04:15:33Z,2025-01-20T22:09:19Z,0,0,1,1,1,1,0,1,0,1,0,0,1,1,0.4293044469783352,0.4293044469783352,0.0547320410490307,0.0866590649942987,660,1,0.2734051367025683,0.1325567383008636,1,4978,4,1,1,6.6240652277998935,6.6240652277998935,4.564348191467836,6.492239835020471,13,39,4,50,37032280,"Color-convert is a color conversion library for JavaScript and node. It converts all ways between `rgb', `hsl, `hsv, `hwb, `cmyk, `ansi, `ani"
https://github.com/bluealloy/revm,False,True,35642,1731,1731,True,True,True,True,607,False,False,84,30,2021-09-29T09:21:18Z,2025-01-24T20:45:31Z,0,1,1,1,1,1,1,1,1,1,0,0,1,1,0.0435899372969706,0.0435899372969706,0.0152854372843796,0.8975346881216791,30,1,0.0007548878991469,0.0246913580246913,1,1214,1,1,1,7.456454555176209,7.456454555176209,6.408528791059498,3.4011973816621555,74,261,10,1674,1522,Revm is an EVM written in Rust that is focused on **speed** and **simplicity** It has a fast and flexible implementation with a simple interface and embedded Host. It passes all `ethereum/tests`
https://github.com/humanwhocodes/module-importer,False,False,82,25,25,True,False,False,False,5,False,False,13,1,2022-08-17T19:04:05Z,2025-01-15T20:09:49Z,0,0,1,1,1,1,0,0,0,1,0,0,1,1,0.1824817518248175,0.1824817518248175,0.0364963503649635,0.5985401459854015,11,1,0.0743243243243243,0.0123180291153415,1,892,10,1,1,3.218875824868201,3.218875824868201,1.6094379124341005,2.3978952727983707,2,2,11,12,0," module-importer is a utility for seamlessly importing modules in Node.js regardless if they are CommonJS or ESM format. Under the hood, this uses `import()` and relies on node.js's CommonJS compatibility to"
https://github.com/prettier/prettier,False,True,144954,49837,49837,True,False,True,True,4452,False,False,1438,419,2016-11-29T17:13:37Z,2025-01-25T13:03:28Z,0,1,1,1,1,1,0,1,1,1,0,0,1,1,0.2000843102617633,0.2000843102617633,0.0178737754938172,0.5819576039826562,600,1,0.0024030759371996,0.2013422818791946,1,2979,0,1,0,10.816512959033314,10.816512959033314,8.401108712395436,6.396929655216146,1185,5570,253,9681,9120929,Summarize: [![Prettier Banner](https://unpkg.com/prettier-logo@1.0.3/images/preTTier-banner-light.svg)]
https://github.com/nodeca/js-yaml,False,True,3777,6346,6346,True,True,False,False,776,False,False,65,75,2011-10-03T11:40:25Z,2025-01-22T00:35:30Z,0,1,1,1,1,1,1,0,0,1,0,0,1,1,0.3679907219483908,0.3679907219483908,0.044998550304436,0.2190200057987822,870,1,0.0480264973778636,0.1788651315789473,1,4863,3,1,1,8.75557997214314,8.75557997214314,6.654152520183219,6.76849321164863,51,483,14,170,30783628,"JS-YAML is an implementation of YAML, a human-friendly dataserialization language. It's very fast, and supports 1.2 spec. By default, does not support regexps or functions."
https://github.com/ethereum/web3.py,False,True,31264,5129,5129,True,False,False,False,1749,False,False,103,125,2016-04-14T15:59:35Z,2025-01-25T20:45:13Z,0,1,1,1,1,1,0,0,0,1,0,0,1,1,0.1185320422453837,0.1185320422453837,0.0404196806175036,0.7225162348917289,30,1,0.000692824646082,0.0093487067622312,1,3208,0,1,0,8.542665987389269,8.542665987389269,7.466799475018602,3.4011973816621555,83,1436,20,2010,23618,"Web3.py allows you to interact with the Ethereum blockchain using Python. It enables you to build decentralized applications, interact with smart contracts, and much more."
https://github.com/ethereum/solc-js,False,True,734,1469,1469,False,False,False,False,479,False,False,73,46,2016-04-04T13:32:01Z,2025-01-24T19:28:01Z,0,1,1,1,1,0,0,0,0,1,0,0,1,1,0.3538906287641532,0.3538906287641532,0.1153938809925319,0.1768248614791616,30,1,0.0071753169098301,0.0093196644920782,1,3218,1,1,1,7.292337176173877,7.292337176173877,6.171700597410915,3.4011973816621555,57,207,16,434,0,solc-js is a command-line tool for the Solidity compiler. It can be used on the command line or through a high-level API. There are two ways to use it: in projects and via the command-
https://github.com/node-fetch/fetch-blob,False,False,336,61,61,False,False,False,False,29,False,False,6,6,2019-05-16T05:52:35Z,2025-01-02T07:21:52Z,0,0,1,1,1,0,0,0,0,1,0,0,1,1,0.1252566735112936,0.1252566735112936,0.0595482546201232,0.6899383983572895,240,1,0.3301237964236588,0.1152737752161383,1,2081,23,1,1,4.110873864173311,4.110873864173311,3.367295829986474,5.480638923341991,3,30,3,137,584681,Use the built-in [`Blob`](https://nodejs.org/docs/latest-v18.x/api/buffer.html#class-blob) in Node.js 18 and later. The
https://github.com/level/mem,False,False,70,24,24,False,False,False,False,5,True,False,0,10,2013-10-12T06:07:52Z,2024-12-02T00:33:43Z,0,0,1,1,1,0,0,0,0,1,1,0,0,1,0.1951219512195122,0.1951219512195122,0.040650406504065,0.5691056910569106,390,1,0.7602339181286549,0.094568380213385,1,4123,54,1,1,3.1780538303479458,3.1780538303479458,1.6094379124341005,5.966146739123692,0,15,0,58,0,level-mem is a package for the Level database. It is superseded by [`memory-level`](https://github.com/Level/ memory-level) Use this package to avoid having to explicitly install `memdown
https://github.com/epoberezkin/fast-deep-equal,False,False,102,1932,1932,True,False,True,False,106,False,False,34,14,2017-06-15T22:23:23Z,2025-01-25T07:06:35Z,0,0,1,1,1,1,0,1,0,1,0,0,1,1,0.474459724950884,0.474459724950884,0.0260314341846758,0.0250491159135559,90,1,0.0216242191254204,0.0323624595469255,1,2780,0,1,0,7.566311014772463,7.566311014772463,4.663439094112067,4.499809670330265,20,34,14,79,31634252,"The fastest deep equal with ES6 Map, Set and Typed arrays support. It works in node.js (8+) and browsers (IE9+) It checks equality of Date and RegExp objects by value."
https://github.com/sigp/lighthouse,False,True,132121,3028,3028,True,False,True,False,788,False,False,475,71,2018-07-06T07:56:39Z,2025-01-25T19:15:53Z,0,1,1,1,1,1,0,1,0,1,0,0,1,1,0.0217896592667218,0.0217896592667218,0.0056704925700716,0.9507501888964848,630,1,0.0045130556252014,0.2629382303839733,1,2395,0,1,0,8.01565761455734,8.01565761455734,6.669498089857879,6.4457198193855785,375,1687,100,4633,0,Lighthouse is an open-source Ethereum consensus client. It is written in Rust and maintained by Sigma Prime. The Lighthouse team maintains a blog at [https://blog.sigmaprime.io]
https://github.com/rollup/rollup-pluginutils,False,False,592,45,45,True,False,True,False,17,True,False,0,16,2015-10-24T02:56:00Z,2024-02-28T14:57:34Z,0,0,1,1,1,1,0,1,0,1,1,0,0,1,0.0643776824034334,0.0643776824034334,0.0243204577968526,0.8469241773962805,540,1,0.4358353510895884,0.1596688350088705,1,3381,332,1,1,3.80666248977032,3.80666248977032,2.833213344056216,6.29156913955832,0,24,0,45,0,This package has moved and is now available at [@rollup/ pluginutils]. Please update your dependencies. This repository is no longer maintained.
https://github.com/coinbase/coinbase-wallet-sdk,False,True,26354,1539,1539,False,True,False,False,604,False,False,8,170,2019-05-01T02:05:45Z,2025-01-25T15:43:30Z,0,1,1,1,1,0,1,0,0,1,0,0,1,1,0.0512385137834598,0.0512385137834598,0.0201092022905846,0.8774137701424957,510,1,0.0166961304262423,0.2432045779685264,1,2096,0,1,0,7.338888133838879,7.338888133838879,6.403574197934815,6.234410725718371,3,267,5,840,87015,Coinbase Wallet SDK allows dapps to connect to Coinbase Wallet. Users can connect to your dapp by scanning a QR code. Mobile users can connect through a deeplink to the dapp browser.
https://github.com/babel/preset-modules,False,False,514,740,740,False,False,False,False,17,False,False,5,25,2019-11-08T16:07:22Z,2025-01-13T04:21:16Z,0,0,1,1,1,0,0,0,0,1,0,0,1,1,0.3679761312779712,0.3679761312779712,0.0084535057185479,0.2555942317255097,360,1,0.1518346689160691,0.1888772298006296,1,1905,12,1,1,6.606650186198215,6.606650186198215,2.833213344056216,5.886104031450156,3,12,2,20,0,"Babel preset enables Tagged Templates, arrow functions, destructured and rest parameters, and more in all modern browsers. It works around bugs and inconsistencies in modern JavaScript engines by converting broken syntax to the _closest non-"
https://github.com/dcodeio/long.js,False,False,541,893,893,True,False,True,False,206,False,False,27,23,2013-03-10T01:21:32Z,2025-01-23T15:55:00Z,0,0,1,1,1,1,0,1,0,1,0,0,1,1,0.3525463876825898,0.3525463876825898,0.0813264903276747,0.2135807343071456,180,1,0.0663472171028381,0.0414746543778801,1,4339,2,1,1,6.794586580876499,6.794586580876499,5.327876168789581,5.19295685089021,17,71,10,35,0,A Long class for representing a 64 bit two's-complement integer value derived from the [Closure Library] and extended with unsigned support. Long.js is an ECMAScript module with an UMD fallback.
https://github.com/quic-go/quic-go,False,True,17040,10357,10357,False,False,True,False,1341,False,False,193,218,2016-04-06T20:16:27Z,2025-01-25T19:50:19Z,0,1,1,1,1,0,0,1,0,1,0,0,1,1,0.2649187875687428,0.2649187875687428,0.034301061516818,0.4358613633456963,780,1,0.0195611285266457,0.2424619210444513,1,3216,0,1,0,9.24541789858888,9.24541789858888,7.201170883281678,6.659293919683638,159,1895,34,2823,8448,"quic-go is an implementation of the QUIC protocol in Go. It has support for HTTP/3, including QPACK and HTTP Datagrams. It also implements the following RFCs."
https://github.com/brooooooklyn/snappy,False,False,13046,168,168,True,False,True,False,10,False,False,12,4,2021-06-09T14:28:04Z,2025-01-22T08:48:25Z,0,0,1,1,1,1,0,1,0,1,0,0,1,1,0.0125448028673835,0.0125448028673835,0.0007467144563918,0.9741636798088412,660,1,0.0469684030742954,0.4973624717407686,1,1326,3,1,1,5.123963979403259,5.123963979403259,2.302585092994046,6.492239835020471,11,18,1,202,0,"Snappy is a compression library in Node.js. It's used to compress text and video. The library is available in the latest version of node.js, and can be downloaded from GitHub."
https://github.com/erigontech/erigon,False,False,408647,3252,3252,True,False,True,True,1180,False,False,359,65,2019-05-27T12:12:40Z,2025-01-25T15:38:10Z,0,0,1,1,1,1,0,1,1,1,0,0,1,1,0.0078110926162116,0.0078110926162116,0.0028342832986253,0.9815435314689512,90,1,0.0002161274287319,0.0434572670207629,1,2070,0,1,0,8.087025470667701,8.087025470667701,7.07326971745971,4.499809670330265,305,3032,54,10029,0,"Erigon is an implementation of Ethereum (execution layer with embeddable consensus layer), on the efficiencyfrontier. Erigon can be downloaded from GitHub."
https://github.com/go-task/slim-sprig,False,True,543,63,63,False,True,False,False,15,False,False,9,4,2019-06-23T00:39:37Z,2024-12-15T06:02:00Z,0,1,1,1,1,0,1,0,0,1,0,0,1,1,0.0921052631578947,0.0921052631578947,0.0219298245614035,0.793859649122807,120,1,0.1492537313432835,0.0587084148727984,1,2043,41,1,1,4.143134726391533,4.143134726391533,2.70805020110221,4.787491742782046,7,5,2,6,0,"Slim-Sprig is a fork of [Sprig], with functions that depend on external (non standard library) or crypto packages removed. Most of these functions are not needed on most apps, but costs a lot in binary size"
https://github.com/fastify/fastify,False,True,8809,32876,32876,True,False,False,True,2337,False,False,90,299,2016-09-28T19:10:14Z,2025-01-25T20:26:34Z,0,1,1,1,1,1,0,0,1,1,0,0,1,1,0.4275273739238991,0.4275273739238991,0.030390907435824,0.1145543447163775,300,1,0.003886111039146,0.0986193293885601,1,3041,0,1,0,10.40049818726839,10.40049818726839,7.756623334538858,5.703782474656201,60,1972,30,3496,0,Fastify is a web framework based on Hapi and Express. It provides the best developer experience with the least overhead and a powerful plugin architecture. The main branch refers to the Fastify `5x branch.
https://github.com/prysmaticlabs/protoc-gen-go-cast,False,False,66,2,2,True,False,True,False,2,False,False,0,7,2020-11-09T21:15:42Z,2024-01-31T06:26:26Z,0,0,1,1,1,1,0,1,0,1,0,0,0,1,0.0277777777777777,0.0277777777777777,0.0277777777777777,0.9166666666666666,900,1,0.925925925925926,0.5847953216374269,1,1538,360,1,1,0.6931471805599453,0.6931471805599453,0.6931471805599453,6.802394763324311,0,1,0,2,0,No content to summarize
https://github.com/vercel/swr,False,True,3415,30918,30918,False,False,False,True,1243,False,False,151,211,2019-10-28T18:16:01Z,2025-01-25T21:06:53Z,0,1,1,1,1,0,0,0,1,1,0,0,1,1,0.4649742833939904,0.4649742833939904,0.0186934159473035,0.0513580172647156,720,1,0.0107120540363614,0.3755868544600939,1,1916,0,1,0,10.33909381755628,10.33909381755628,7.125283091510712,6.579251212010101,122,806,29,917,396493,"SWR is a React Hooks library for data fetching. It uses a cache invalidation strategy popularized by [HTTP RFC 5861] SWR first returns the data from cache (stale), then sends the request ("
https://github.com/facebook/react,False,True,717339,231653,231653,True,True,True,False,47439,False,False,974,6632,2013-05-24T16:15:54Z,2025-01-25T21:21:16Z,0,1,1,1,1,1,1,1,0,1,0,0,1,1,0.1886296051410164,0.1886296051410164,0.0386284651538494,0.5841123245641178,90,1,7.327951902580579e-05,0.0211019929660023,1,4264,0,1,0,12.35299584133292,12.35299584133292,10.767199954191426,4.499809670330265,784,12675,190,16503,26110053,React is a JavaScript library for building user interfaces. It's designed for gradual adoption from the start. You can use as little or as much React as you need.
https://github.com/nomicfoundation/hardhat,False,True,193577,7455,7455,True,False,False,True,1471,False,False,536,77,2018-04-14T22:20:59Z,2025-01-25T14:09:37Z,0,1,1,1,1,1,0,0,1,1,0,0,1,1,0.035507101420284,0.035507101420284,0.0070061631373893,0.9219796340220424,750,1,0.0035594282134517,0.3026634382566586,1,2477,0,1,0,8.916640227198839,8.916640227198839,7.293697720601438,6.620073206530356,521,2191,15,3144,0,"Hardhat is an Ethereum development environment for professionals. It facilitates performing frequent tasks, such as running tests, automatically checking code for mistakes or interacting with a smart contract. Built by the [Nomic Foundation](https://nomic"
https://github.com/nodeca/argparse,False,False,381,493,493,True,False,True,False,74,False,False,5,21,2012-05-14T15:30:37Z,2025-01-12T18:01:22Z,0,0,1,1,1,1,0,1,0,1,0,0,1,1,0.3421235253296322,0.3421235253296322,0.051353226925746,0.2643997224149896,810,1,0.3598400710795202,0.1745689655172413,1,4639,13,1,1,6.20050917404269,6.20050917404269,4.30406509320417,6.697034247666484,4,95,1,80,30912975,Port of python's [argparse](http://docs.org/dev/library/arg parse.html) (version [3.9.0]) (https://github.com/nodeca/argparse/
https://github.com/pandas-dev/pandas,False,True,365025,44391,44391,True,False,False,False,18161,False,False,3687,1111,2010-08-24T01:37:33Z,2025-01-25T20:31:16Z,0,1,1,1,1,1,0,0,0,1,0,0,1,1,0.0940551054308766,0.0940551054308766,0.0384793036816055,0.7734104854566412,420,1,0.0008890996384328,0.079711520212564,1,5268,0,1,0,10.700792025170644,10.700792025170644,9.807031716718498,6.040254711277414,3596,23553,91,33215,0,"Pandas is a Python package that provides fast, flexible, and expressive datastructures. It aims to be the fundamental high-level building block for practical, **real world** data analysis in Python. It has the broader goal"
https://github.com/formatjs/formatjs,False,True,62582,14363,14363,False,False,False,True,1365,False,False,31,131,2014-04-24T17:28:36Z,2025-01-25T17:02:26Z,0,1,1,1,1,0,0,0,1,1,0,0,1,1,0.1549858103223161,0.1549858103223161,0.0147292091547699,0.6752991702005978,720,1,0.0077093572323407,0.183206106870229,1,3929,0,1,0,9.572410734431823,9.572410734431823,7.21890970761906,6.579251212010101,21,1937,10,2603,192500,"This repository is the home of [formatJS] and related libraries. Join us on Slack at [formatjs.slack.com] for help, general conversation and more."
https://github.com/tklauser/go-sysconf,False,True,312,140,140,False,False,True,False,27,False,False,1,5,2018-09-25T14:07:03Z,2025-01-21T20:36:21Z,0,1,1,1,1,0,0,1,0,1,0,0,1,1,0.2261712439418416,0.2261712439418416,0.0436187399030694,0.5040387722132472,840,1,0.5757368060315284,0.3628509719222462,1,2314,4,1,1,4.941642422609304,4.941642422609304,3.295836866004329,6.733401891837359,1,6,0,130,0,"All POSIX.1 and.2 variables are supported, see [References] for a complete list. Non-standard variables are also supported on some operating systems."
https://github.com/salesforce/tough-cookie,False,False,2148,984,984,True,False,False,True,225,False,False,17,50,2011-10-19T15:22:36Z,2025-01-25T09:44:32Z,0,0,1,1,1,1,0,0,1,1,0,0,1,1,0.2266758811333794,0.2266758811333794,0.0518313752591568,0.4948168624740843,240,1,0.0523903077930582,0.0495049504950495,1,4847,0,1,0,6.891625897052253,6.891625897052253,5.41610040220442,5.480638923341991,14,155,3,307,20387168,"Tough Cookie is a Node.js implementation of [ RFC6265] for cookie parsing, storage, and retrieval. It is highly recommended that you read [RFC6265bis] for more details on the implementation."
https://github.com/pion/datachannel,False,True,142,82,82,False,False,False,False,26,False,False,0,9,2018-12-24T12:42:38Z,2025-01-25T01:03:21Z,0,1,1,1,1,0,0,0,0,1,0,0,0,1,0.2469879518072289,0.2469879518072289,0.0783132530120482,0.4277108433734939,870,1,0.7237936772046589,0.3910112359550561,1,2224,0,1,0,4.406719247264253,4.406719247264253,3.258096538021482,6.76849321164863,0,14,0,220,0,Pion is a Go implementation of WebRTC Data Channels. The library is used as a part of our WebR TC implementation.
https://github.com/jedisct1/go-minisign,False,False,83,113,113,True,False,True,False,12,False,False,1,5,2018-01-13T20:40:58Z,2024-12-23T10:12:49Z,0,0,1,1,1,1,0,1,0,1,0,0,1,1,0.35202492211838,0.35202492211838,0.0373831775700934,0.2585669781931464,180,1,0.3592814371257485,0.0700389105058365,1,2569,33,1,1,4.727387818712341,4.727387818712341,2.4849066497880004,5.19295685089021,0,2,1,8,0,A Golang library to verify [Minisign]: go-minisign.summarize. # go- Minisign: verify signatures.
https://github.com/chzyer/readline,False,False,3576,2109,2109,True,False,True,False,281,False,False,108,41,2015-09-20T15:11:30Z,2025-01-22T08:58:20Z,0,0,1,1,1,1,0,1,0,1,0,0,1,1,0.2611764705882353,0.2611764705882353,0.0347987616099071,0.4428482972136223,300,1,0.035820895522388,0.0878220140515222,1,3415,3,1,1,7.653969180478774,7.653969180478774,5.638354669333745,5.703782474656201,78,51,30,78,20827,A powerful readline library in `Linux` `macOS` `Windows` `Solaris` `AIX. The library is available on GitHub. Readline is free and open source.
https://github.com/tokio-rs/axum,False,False,4872,20185,20185,False,False,False,True,1111,False,False,63,131,2021-05-30T09:22:25Z,2025-01-25T21:01:22Z,0,0,1,1,1,0,0,0,1,1,0,0,1,1,0.4354626453519729,0.4354626453519729,0.0239682436951222,0.1051064656009319,600,1,0.0127787361829915,0.4487658937920718,1,1336,0,1,0,9.912695033287042,9.912695033287042,7.01301578963963,6.396929655216146,45,764,18,1552,56779,Axum is a web application framework that focuses on ergonomics and modularity. It routes requests to handlers with a macro free API. It also enables you to share middleware with applications written using [`hyper`] or [
https://github.com/electron/electron,False,True,161643,115240,115240,True,False,False,False,15754,False,False,982,2830,2013-04-12T01:47:36Z,2025-01-25T21:23:10Z,0,1,1,1,1,1,0,0,0,1,0,0,1,1,0.282536156733525,0.282536156733525,0.0386243892153762,0.3963032973175737,240,1,0.0005880666573556,0.0557232412351985,1,4306,0,1,0,11.654772189198464,11.654772189198464,9.664849580263269,5.480638923341991,871,19576,111,23887,375436,"The Electron framework lets you write cross-platform desktop applications using JavaScript, HTML and CSS. It is based on Node.js and Chromium and is used by the Visual Studio Code and many other [apps]"
https://github.com/walletconnect/walletconnect-utils,False,False,3961,115,115,True,False,True,False,80,False,False,21,24,2021-07-08T15:40:14Z,2025-01-24T09:23:58Z,0,0,1,1,1,1,0,1,0,1,0,0,1,1,0.0269257785062046,0.0269257785062046,0.0187309763521423,0.9274174666354484,690,1,0.1390848619229994,0.5315870570107858,1,1297,1,1,1,4.74493212836325,4.74493212836325,4.382026634673881,6.536691597591305,9,25,12,164,0,"You will need your own `TEST_PROJECT_ID` value**, which will be generated for you when you set up a new project on [WalletConnect Cloud]:https://cloud.walletconnect.com/walletconnect"
https://github.com/mysticatea/abort-controller,False,False,115,305,305,True,False,True,False,36,False,False,23,8,2017-09-29T04:05:44Z,2025-01-09T20:52:24Z,0,0,1,1,1,1,0,1,0,1,0,0,1,1,0.4007884362680683,0.4007884362680683,0.0473061760840998,0.1511169513797634,570,1,0.4282494365138993,0.2130044843049327,1,2675,16,1,1,5.720311776607412,5.720311776607412,3.58351893845611,6.345636360828596,17,12,6,5,0,An implementation of [WHATWG Abort Controller interface] for IE 11. This is transpiled by [Babel](https://babeljs.io/) for IE11.
https://github.com/mafintosh/end-of-stream,False,False,24,148,148,True,False,True,False,28,False,False,7,9,2013-11-26T23:27:57Z,2024-11-01T23:16:50Z,0,0,1,1,1,1,0,1,0,1,0,0,1,1,0.425287356321839,0.425287356321839,0.0804597701149425,0.0689655172413793,540,1,0.6081081081081081,0.1324178518881804,1,4077,84,1,1,4.997212273764115,4.997212273764115,3.332204510175204,6.29156913955832,4,12,3,13,16986681,"end-of-stream is a node module that calls a callback when a readable/writable/duplex stream has completed or failed. Both legacy streams, streams2 and stream3 are supported."
https://github.com/sheetjs/js-crc32,False,True,22367,345,345,True,True,True,False,37,False,False,2,10,2014-06-16T21:21:27Z,2025-01-10T21:24:43Z,0,1,1,1,1,1,1,1,0,1,0,0,1,1,0.0149389451805663,0.0149389451805663,0.0016021477440027,0.9685199618948644,360,1,0.0153491941673062,0.0928553004900696,1,3876,15,1,1,5.84354441703136,5.84354441703136,3.610917912644224,5.886104031450156,1,17,1,5,1108986,"Standard CRC-32 algorithm implementation in JS (for the browser and nodejs) Emphasis on correctness, performance, and IE6+ support."
https://github.com/ethereumjs/ethereumjs-monorepo,False,False,91723,2625,2625,True,True,False,True,777,False,False,142,64,2015-07-10T14:54:03Z,2025-01-25T20:51:13Z,0,0,1,1,1,1,1,0,1,1,0,0,1,1,0.0268542199488491,0.0268542199488491,0.0079488491048593,0.9383427109974424,630,1,0.0064037405976824,0.1806192660550458,1,3487,0,1,0,7.872836175025724,7.872836175025724,6.655440350367647,6.4457198193855785,91,1020,51,2608,0,"This repository holds various protocol building blocks of the [Ethereum](https://ethereum.org) blockchain execution layer. It already serves a variety of purposes like testing, research (e.g. EIPs) and developer"
https://github.com/ethereum/solidity,False,True,76195,23781,23781,True,False,True,False,5922,False,False,557,731,2015-08-17T12:27:26Z,2025-01-25T19:36:51Z,0,1,1,1,1,1,0,1,0,1,0,0,1,1,0.1833835856229613,0.1833835856229613,0.0456666075463259,0.5875662212077515,780,1,0.0059788899194382,0.2260869565217391,1,3449,0,1,0,10.076642221505264,10.076642221505264,8.686429508661536,6.659293919683638,493,5628,64,9051,0,"Solidity is a contract-oriented, high-level language for implementing smart contracts on the Ethereum platform. Smart contracts are programs that are executed inside a peer-to-peer network where nobody has special authority."
https://github.com/rollup/rollup,False,True,30458,25556,25556,True,False,True,True,1544,False,False,582,256,2015-05-14T22:26:28Z,2025-01-25T08:39:12Z,0,1,1,1,1,1,0,1,1,1,0,0,1,1,0.3074812907572731,0.3074812907572731,0.018576894386024,0.3664605240994297,30,1,0.0003608197825459,0.0084650112866817,1,3543,0,1,0,10.148627401722234,10.148627401722234,7.342131730584722,3.4011973816621555,556,2804,26,2352,16073089,"Rollup is a module bundler for JavaScript. It compiles small pieces of code into something larger and more complex, such as a library or application. It uses the standardized ES module format for code, instead of previous idiosyncratic solutions"
https://github.com/ajv-validator/ajv-formats,False,True,86,192,192,False,False,True,False,37,False,False,47,5,2020-07-20T10:21:48Z,2025-01-24T07:51:19Z,0,1,1,1,1,0,0,1,0,1,0,0,1,1,0.378698224852071,0.378698224852071,0.0729783037475345,0.1696252465483234,570,1,0.5292479108635098,0.3452453058752271,1,1650,1,1,1,5.2574953720277815,5.2574953720277815,3.610917912644224,6.345636360828596,41,32,6,27,10848486,"Ajv-formats is a set of formats for Node.js. The package defines these formats: full date, time, date-zone, time-zone with optional time zone, email, and uri."
https://github.com/ethereumjs/ethereumjs-blockchain,False,True,335,123,123,False,False,False,False,63,True,False,0,28,2015-07-26T23:30:09Z,2025-01-21T10:52:00Z,0,1,1,1,1,0,0,0,0,1,1,0,0,1,0.1909937888198757,0.1909937888198757,0.0978260869565217,0.5201863354037267,150,1,0.1889168765743073,0.0432152117545375,1,3470,4,1,1,4.812184355372417,4.812184355372417,4.143134726391533,5.010635294096256,0,39,0,92,0,ethereumjs-blockchain is a module to store and interact with blocks. It performs write operations on existing Geth DBs.
https://github.com/facebook/fbjs,False,False,1556,1961,1961,True,False,False,False,314,False,False,77,70,2015-05-28T22:16:50Z,2025-01-23T16:57:36Z,0,0,1,1,1,1,0,0,0,1,0,0,1,1,0.3385704419889502,0.3385704419889502,0.0542127071823204,0.268646408839779,510,1,0.0809266899397016,0.1444759206798866,1,3529,2,1,1,7.581209826196346,7.581209826196346,5.749392985908253,6.234410725718371,45,95,32,356,0,FBJS makes it easier for Facebook to share and consume our own JavaScript. This library is being published with our use cases in mind. It is not necessarily meant to be consumed by the broader public.
https://github.com/reactivex/rxjs,False,True,125743,30962,30962,True,True,False,True,3006,False,False,271,449,2015-03-15T06:17:10Z,2025-01-25T20:29:28Z,0,1,1,1,1,1,1,0,1,1,0,0,1,1,0.162382718056568,0.162382718056568,0.0157652105961515,0.6594693532907123,900,1,0.0046979480406946,0.2496532593619972,1,3604,0,1,0,10.34051592510041,10.34051592510041,8.00836557031292,6.802394763324311,218,2936,53,3850,12210616,"Reactive Extensions Library for JavaScript is a rewrite of [Reactive-Extensions/RxJS] This rewrite is meant to have better performance, better modularity, better debuggable call stacks, while staying mostly backwards compatible."
